<?xml version="1.0" ?>
<bns:Component xmlns:xsi="http://www.w3.org/2001/XMLSchema-instance" xmlns:bns="http://api.platform.boomi.com/" folderFullPath="PepsiCo/2.0 Development/2.1 Global Integrations/EC372 - EC to NAVEX (OB)" componentId="adc1a906-cd59-42e9-b466-f69e1993d1ce" version="6" name="Sub: Where Clause (Dynamic Filter)" type="process" createdDate="2018-04-11T04:59:34Z" createdBy="Deep.Singh.Chauhan@accenture.com" modifiedDate="2018-06-08T07:18:47Z" modifiedBy="Deep.Singh.Chauhan@accenture.com" deleted="false" currentVersion="true" folderName="EC372 - EC to NAVEX (OB)" folderId="RjoxOTM3OTEx" branchName="main" branchId="QjoyOTk5NDY">
  <bns:encryptedValues/>
  <bns:description/>
  <bns:object>
    <process xmlns="" allowSimultaneous="false" enableUserLog="false" processLogOnErrorOnly="false" purgeDataImmediately="false" updateRunDates="false" workload="general">
      <shapes>
        <shape image="start" name="shape1" shapetype="start" userlabel="Start" x="16.0" y="224.0">
          <configuration>
            <passthroughaction/>
          </configuration>
          <dragpoints>
            <dragpoint name="shape1.dragpoint1" toShape="shape29" x="112.0" y="233.0">
              <linesegment length="0" name="shape1.dragpoint1.lineseg1" orient="horizontal" x="50.0" y="239.0"/>
              <linesegment length="0" name="shape1.dragpoint1.lineseg2" orient="vertical" x="50.0" y="239.0"/>
              <linesegment length="39" name="shape1.dragpoint1.lineseg3" orient="horizontal" x="50.0" y="239.0"/>
              <linesegment length="0" name="shape1.dragpoint1.lineseg4" orient="vertical" x="89.0" y="239.0"/>
              <linesegment length="23" name="shape1.dragpoint1.lineseg5" orient="horizontal" x="89.0" y="239.0"/>
            </dragpoint>
          </dragpoints>
        </shape>
        <shape image="note_icon" name="shape8" shapetype="note" x="400.0" y="144.0">
          <configuration>
            <note createdBy="purini.anil@accenture.com">
              <noteText>Check if the country code is from extension.</noteText>
            </note>
          </configuration>
          <dragpoints/>
        </shape>
        <shape image="documentproperties_icon" name="shape23" shapetype="documentproperties" userlabel="Set  Legal Entity IN" x="816.0" y="64.0">
          <configuration>
            <documentproperties>
              <documentproperty defaultValue="" isTradingPartner="false" name="Dynamic Process Property - where" persist="false" propertyId="process.where">
                <sourcevalues>
                  <parametervalue key="1" valueType="process">
                    <processparameter processproperty="where" processpropertydefaultvalue=""/>
                  </parametervalue>
                  <parametervalue key="2" valueType="static">
                    <staticparameter staticproperty=" AND  company  IN ('"/>
                  </parametervalue>
                  <parametervalue key="3" valueType="definedparameter">
                    <definedprocessparameter componentId="795e769e-a9c3-442e-bff3-a96b04f9b531" componentName="EC372 - EC to NAVEX (OB)" propertyKey="8caddbc7-67c5-41dc-afb1-ce06fa7d9e8e" propertyLabel="Filter_LegalEntity"/>
                  </parametervalue>
                  <parametervalue key="4" valueType="static">
                    <staticparameter staticproperty="')"/>
                  </parametervalue>
                </sourcevalues>
              </documentproperty>
            </documentproperties>
          </configuration>
          <dragpoints>
            <dragpoint name="shape23.dragpoint1" toShape="shape21" x="928.0" y="169.0">
              <linesegment length="0" name="shape23.dragpoint1.lineseg1" orient="horizontal" x="850.0" y="79.0"/>
              <linesegment length="0" name="shape23.dragpoint1.lineseg2" orient="vertical" x="850.0" y="79.0"/>
              <linesegment length="47" name="shape23.dragpoint1.lineseg3" orient="horizontal" x="850.0" y="79.0"/>
              <linesegment length="96" name="shape23.dragpoint1.lineseg4" orient="vertical" x="897.0" y="79.0"/>
              <linesegment length="31" name="shape23.dragpoint1.lineseg5" orient="horizontal" x="897.0" y="175.0"/>
            </dragpoint>
          </dragpoints>
        </shape>
        <shape image="decision_icon" name="shape3" shapetype="decision" userlabel="GPID  IS NOT BLANK" x="1136.0" y="160.0">
          <configuration>
            <decision comparison="notequals" name="GPID  IS NOT BLANK">
              <decisionvalue valueType="definedparameter">
                <definedprocessparameter componentId="795e769e-a9c3-442e-bff3-a96b04f9b531" componentName="EC372 - EC to NAVEX (OB)" propertyKey="c7175bc9-9ed8-4da3-97ad-e2147208110f" propertyLabel="Filter_GPID"/>
              </decisionvalue>
              <decisionvalue valueType="static">
                <staticparameter staticproperty=""/>
              </decisionvalue>
            </decision>
          </configuration>
          <dragpoints>
            <dragpoint identifier="true" name="shape3.dragpoint1" text="True" toShape="shape17" x="1232.0" y="73.0">
              <linesegment length="0" name="shape3.dragpoint1.lineseg1" orient="horizontal" x="1170.0" y="175.0"/>
              <linesegment length="0" name="shape3.dragpoint1.lineseg2" orient="vertical" x="1170.0" y="175.0"/>
              <linesegment length="39" name="shape3.dragpoint1.lineseg3" orient="horizontal" x="1170.0" y="175.0"/>
              <linesegment length="96" name="shape3.dragpoint1.lineseg4" orient="vertical" x="1209.0" y="79.0"/>
              <linesegment label="True" length="23" name="shape3.dragpoint1.lineseg5" orient="horizontal" x="1209.0" y="79.0"/>
            </dragpoint>
            <dragpoint identifier="false" name="shape3.dragpoint2" text="False" toShape="shape9" x="1344.0" y="169.0">
              <linesegment length="0" name="shape3.dragpoint2.lineseg1" orient="horizontal" x="1170.0" y="175.0"/>
              <linesegment length="0" name="shape3.dragpoint2.lineseg2" orient="vertical" x="1170.0" y="175.0"/>
              <linesegment length="95" name="shape3.dragpoint2.lineseg3" orient="horizontal" x="1170.0" y="175.0"/>
              <linesegment length="0" name="shape3.dragpoint2.lineseg4" orient="vertical" x="1265.0" y="175.0"/>
              <linesegment label="False" length="79" name="shape3.dragpoint2.lineseg5" orient="horizontal" x="1265.0" y="175.0"/>
            </dragpoint>
          </dragpoints>
        </shape>
        <shape image="note_icon" name="shape2" shapetype="note" x="848.0" y="48.0">
          <configuration>
            <note createdBy="purini.anil@accenture.com">
              <noteText>Append the Employee Class from extension to WHERE dynamic process property.</noteText>
            </note>
          </configuration>
          <dragpoints/>
        </shape>
        <shape image="documentproperties_icon" name="shape10" shapetype="documentproperties" userlabel="Set  employee_class IN" x="992.0" y="64.0">
          <configuration>
            <documentproperties>
              <documentproperty defaultValue="" isTradingPartner="false" name="Dynamic Process Property - where" persist="false" propertyId="process.where">
                <sourcevalues>
                  <parametervalue key="1" valueType="process">
                    <processparameter processproperty="where" processpropertydefaultvalue=""/>
                  </parametervalue>
                  <parametervalue key="2" valueType="static">
                    <staticparameter staticproperty=" AND  employee_class  IN ('"/>
                  </parametervalue>
                  <parametervalue key="3" valueType="definedparameter">
                    <definedprocessparameter componentId="795e769e-a9c3-442e-bff3-a96b04f9b531" componentName="EC372 - EC to NAVEX (OB)" propertyKey="5373d17c-a180-4aab-bc91-e91f8689b86c" propertyLabel="Filter_EmployeeClass"/>
                  </parametervalue>
                  <parametervalue key="4" valueType="static">
                    <staticparameter staticproperty="')"/>
                  </parametervalue>
                </sourcevalues>
              </documentproperty>
            </documentproperties>
          </configuration>
          <dragpoints>
            <dragpoint name="shape10.dragpoint1" toShape="shape3" x="1120.0" y="169.0">
              <linesegment length="0" name="shape10.dragpoint1.lineseg1" orient="horizontal" x="1026.0" y="79.0"/>
              <linesegment length="0" name="shape10.dragpoint1.lineseg2" orient="vertical" x="1026.0" y="79.0"/>
              <linesegment length="55" name="shape10.dragpoint1.lineseg3" orient="horizontal" x="1026.0" y="79.0"/>
              <linesegment length="96" name="shape10.dragpoint1.lineseg4" orient="vertical" x="1081.0" y="79.0"/>
              <linesegment length="39" name="shape10.dragpoint1.lineseg5" orient="horizontal" x="1081.0" y="175.0"/>
            </dragpoint>
          </dragpoints>
        </shape>
        <shape image="note_icon" name="shape19" shapetype="note" x="1168.0" y="128.0">
          <configuration>
            <note createdBy="purini.anil@accenture.com">
              <noteText>Get WHERE after all properties</noteText>
            </note>
          </configuration>
          <dragpoints/>
        </shape>
        <shape image="note_icon" name="shape20" shapetype="note" x="1408.0" y="128.0">
          <configuration>
            <note createdBy="purini.anil@accenture.com">
              <noteText>Set the 'where' dynamic process property with the current query string.</noteText>
            </note>
          </configuration>
          <dragpoints/>
        </shape>
        <shape image="note_icon" name="shape15" shapetype="note" x="288.0" y="352.0">
          <configuration>
            <note createdBy="purini.anil@accenture.com">
              <noteText>set effective_end_date to filter current effective records</noteText>
            </note>
          </configuration>
          <dragpoints/>
        </shape>
        <shape image="note_icon" name="shape4" shapetype="note" x="1264.0" y="128.0">
          <configuration>
            <note createdBy="purini.anil@accenture.com">
              <noteText>Replace all the , with ',' in the query string to form the valid entries in the WHERE clause.</noteText>
            </note>
          </configuration>
          <dragpoints/>
        </shape>
        <shape image="note_icon" name="shape5" shapetype="note" x="960.0" y="144.0">
          <configuration>
            <note createdBy="purini.anil@accenture.com">
              <noteText>Check if the employee GPID is from extension.</noteText>
            </note>
          </configuration>
          <dragpoints/>
        </shape>
        <shape image="message_icon" name="shape9" shapetype="message" userlabel="Get where Property" x="1360.0" y="160.0">
          <configuration>
            <message combined="false">
              <msgTxt>{1}</msgTxt>
              <msgParameters>
                <parametervalue key="0" valueType="process">
                  <processparameter processproperty="where" processpropertydefaultvalue=""/>
                </parametervalue>
              </msgParameters>
            </message>
          </configuration>
          <dragpoints>
            <dragpoint name="shape9.dragpoint1" toShape="shape25" x="1488.0" y="169.0">
              <linesegment length="0" name="shape9.dragpoint1.lineseg1" orient="horizontal" x="1394.0" y="175.0"/>
              <linesegment length="0" name="shape9.dragpoint1.lineseg2" orient="vertical" x="1394.0" y="175.0"/>
              <linesegment length="55" name="shape9.dragpoint1.lineseg3" orient="horizontal" x="1394.0" y="175.0"/>
              <linesegment length="0" name="shape9.dragpoint1.lineseg4" orient="vertical" x="1449.0" y="175.0"/>
              <linesegment length="39" name="shape9.dragpoint1.lineseg5" orient="horizontal" x="1449.0" y="175.0"/>
            </dragpoint>
          </dragpoints>
        </shape>
        <shape image="note_icon" name="shape11" shapetype="note" x="624.0" y="144.0">
          <configuration>
            <note createdBy="purini.anil@accenture.com">
              <noteText>Check if the Legal Entity is from extension.</noteText>
            </note>
          </configuration>
          <dragpoints/>
        </shape>
        <shape image="note_icon" name="shape12" shapetype="note" x="688.0" y="16.0">
          <configuration>
            <note createdBy="purini.anil@accenture.com">
              <noteText>Append the Legal Entities from extension to WHERE dynamic process property.</noteText>
            </note>
          </configuration>
          <dragpoints/>
        </shape>
        <shape image="note_icon" name="shape13" shapetype="note" x="1136.0" y="64.0">
          <configuration>
            <note createdBy="purini.anil@accenture.com">
              <noteText>Append the employee GPIDs from extension to WHERE dynamic process property.</noteText>
            </note>
          </configuration>
          <dragpoints/>
        </shape>
        <shape image="decision_icon" name="shape14" shapetype="decision" userlabel=" company_territory_code not blank" x="512.0" y="160.0">
          <configuration>
            <decision comparison="notequals" name=" company_territory_code not blank">
              <decisionvalue valueType="definedparameter">
                <definedprocessparameter componentId="795e769e-a9c3-442e-bff3-a96b04f9b531" componentName="EC372 - EC to NAVEX (OB)" propertyKey="a92b59a7-bbfb-4ee5-8a4c-e32d7727fbb4" propertyLabel="Filter_company_territory_code"/>
              </decisionvalue>
              <decisionvalue valueType="static">
                <staticparameter staticproperty=""/>
              </decisionvalue>
            </decision>
          </configuration>
          <dragpoints>
            <dragpoint identifier="true" name="shape14.dragpoint1" text="True" toShape="shape16" x="608.0" y="89.0">
              <linesegment length="0" name="shape14.dragpoint1.lineseg1" orient="horizontal" x="546.0" y="175.0"/>
              <linesegment length="0" name="shape14.dragpoint1.lineseg2" orient="vertical" x="546.0" y="175.0"/>
              <linesegment length="39" name="shape14.dragpoint1.lineseg3" orient="horizontal" x="546.0" y="175.0"/>
              <linesegment length="80" name="shape14.dragpoint1.lineseg4" orient="vertical" x="585.0" y="95.0"/>
              <linesegment label="True" length="23" name="shape14.dragpoint1.lineseg5" orient="horizontal" x="585.0" y="95.0"/>
            </dragpoint>
            <dragpoint identifier="false" name="shape14.dragpoint2" text="False" toShape="shape22" x="736.0" y="169.0">
              <linesegment length="0" name="shape14.dragpoint2.lineseg1" orient="horizontal" x="546.0" y="175.0"/>
              <linesegment length="0" name="shape14.dragpoint2.lineseg2" orient="vertical" x="546.0" y="175.0"/>
              <linesegment length="103" name="shape14.dragpoint2.lineseg3" orient="horizontal" x="546.0" y="175.0"/>
              <linesegment length="0" name="shape14.dragpoint2.lineseg4" orient="vertical" x="649.0" y="175.0"/>
              <linesegment label="False" length="87" name="shape14.dragpoint2.lineseg5" orient="horizontal" x="649.0" y="175.0"/>
            </dragpoint>
          </dragpoints>
        </shape>
        <shape image="documentproperties_icon" name="shape16" shapetype="documentproperties" userlabel="Set  company_territory_code IN" x="624.0" y="80.0">
          <configuration>
            <documentproperties>
              <documentproperty defaultValue="" isTradingPartner="false" name="Dynamic Process Property - where" persist="false" propertyId="process.where">
                <sourcevalues>
                  <parametervalue key="1" valueType="process">
                    <processparameter processproperty="where" processpropertydefaultvalue=""/>
                  </parametervalue>
                  <parametervalue key="2" valueType="static">
                    <staticparameter staticproperty="AND company_territory_code IN ('"/>
                  </parametervalue>
                  <parametervalue key="4" valueType="definedparameter">
                    <definedprocessparameter componentId="795e769e-a9c3-442e-bff3-a96b04f9b531" componentName="EC372 - EC to NAVEX (OB)" propertyKey="a92b59a7-bbfb-4ee5-8a4c-e32d7727fbb4" propertyLabel="Filter_company_territory_code"/>
                  </parametervalue>
                  <parametervalue key="3" valueType="static">
                    <staticparameter staticproperty="')"/>
                  </parametervalue>
                </sourcevalues>
              </documentproperty>
            </documentproperties>
          </configuration>
          <dragpoints>
            <dragpoint name="shape16.dragpoint1" toShape="shape22" x="736.0" y="169.0">
              <linesegment length="0" name="shape16.dragpoint1.lineseg1" orient="horizontal" x="658.0" y="95.0"/>
              <linesegment length="0" name="shape16.dragpoint1.lineseg2" orient="vertical" x="658.0" y="95.0"/>
              <linesegment length="47" name="shape16.dragpoint1.lineseg3" orient="horizontal" x="658.0" y="95.0"/>
              <linesegment length="80" name="shape16.dragpoint1.lineseg4" orient="vertical" x="705.0" y="95.0"/>
              <linesegment length="31" name="shape16.dragpoint1.lineseg5" orient="horizontal" x="705.0" y="175.0"/>
            </dragpoint>
          </dragpoints>
        </shape>
        <shape image="documentproperties_icon" name="shape17" shapetype="documentproperties" userlabel="Set GPID IN" x="1248.0" y="64.0">
          <configuration>
            <documentproperties>
              <documentproperty defaultValue="" isTradingPartner="false" name="Dynamic Process Property - where" persist="false" propertyId="process.where">
                <sourcevalues>
                  <parametervalue key="1" valueType="process">
                    <processparameter processproperty="where" processpropertydefaultvalue=""/>
                  </parametervalue>
                  <parametervalue key="2" valueType="static">
                    <staticparameter staticproperty=" AND  person_id_external IN ('"/>
                  </parametervalue>
                  <parametervalue key="3" valueType="definedparameter">
                    <definedprocessparameter componentId="795e769e-a9c3-442e-bff3-a96b04f9b531" componentName="EC372 - EC to NAVEX (OB)" propertyKey="c7175bc9-9ed8-4da3-97ad-e2147208110f" propertyLabel="Filter_GPID"/>
                  </parametervalue>
                  <parametervalue key="4" valueType="static">
                    <staticparameter staticproperty="')"/>
                  </parametervalue>
                </sourcevalues>
              </documentproperty>
            </documentproperties>
          </configuration>
          <dragpoints>
            <dragpoint name="shape17.dragpoint1" toShape="shape9" x="1344.0" y="169.0">
              <linesegment length="0" name="shape17.dragpoint1.lineseg1" orient="horizontal" x="1282.0" y="79.0"/>
              <linesegment length="0" name="shape17.dragpoint1.lineseg2" orient="vertical" x="1282.0" y="79.0"/>
              <linesegment length="39" name="shape17.dragpoint1.lineseg3" orient="horizontal" x="1282.0" y="79.0"/>
              <linesegment length="96" name="shape17.dragpoint1.lineseg4" orient="vertical" x="1321.0" y="79.0"/>
              <linesegment length="23" name="shape17.dragpoint1.lineseg5" orient="horizontal" x="1321.0" y="175.0"/>
            </dragpoint>
          </dragpoints>
        </shape>
        <shape image="note_icon" name="shape18" shapetype="note" x="528.0" y="32.0">
          <configuration>
            <note createdBy="purini.anil@accenture.com">
              <noteText>Append the country code from extension to WHERE dynamic process property.</noteText>
            </note>
          </configuration>
          <dragpoints/>
        </shape>
        <shape image="decision_icon" name="shape21" shapetype="decision" userlabel=" employee_class not blank" x="944.0" y="160.0">
          <configuration>
            <decision comparison="notequals" name=" employee_class not blank">
              <decisionvalue valueType="definedparameter">
                <definedprocessparameter componentId="795e769e-a9c3-442e-bff3-a96b04f9b531" componentName="EC372 - EC to NAVEX (OB)" propertyKey="5373d17c-a180-4aab-bc91-e91f8689b86c" propertyLabel="Filter_EmployeeClass"/>
              </decisionvalue>
              <decisionvalue valueType="static">
                <staticparameter staticproperty=""/>
              </decisionvalue>
            </decision>
          </configuration>
          <dragpoints>
            <dragpoint identifier="true" name="shape21.dragpoint1" text="True" toShape="shape10" x="976.0" y="73.0">
              <linesegment length="0" name="shape21.dragpoint1.lineseg1" orient="horizontal" x="978.0" y="175.0"/>
              <linesegment length="0" name="shape21.dragpoint1.lineseg2" orient="vertical" x="978.0" y="175.0"/>
              <linesegment length="7" name="shape21.dragpoint1.lineseg3" orient="horizontal" x="978.0" y="175.0"/>
              <linesegment length="96" name="shape21.dragpoint1.lineseg4" orient="vertical" x="985.0" y="79.0"/>
              <linesegment label="True" length="-9" name="shape21.dragpoint1.lineseg5" orient="horizontal" x="985.0" y="79.0"/>
            </dragpoint>
            <dragpoint identifier="false" name="shape21.dragpoint2" text="False" toShape="shape3" x="1120.0" y="169.0">
              <linesegment length="0" name="shape21.dragpoint2.lineseg1" orient="horizontal" x="978.0" y="175.0"/>
              <linesegment length="0" name="shape21.dragpoint2.lineseg2" orient="vertical" x="978.0" y="175.0"/>
              <linesegment length="79" name="shape21.dragpoint2.lineseg3" orient="horizontal" x="978.0" y="175.0"/>
              <linesegment length="0" name="shape21.dragpoint2.lineseg4" orient="vertical" x="1057.0" y="175.0"/>
              <linesegment label="False" length="63" name="shape21.dragpoint2.lineseg5" orient="horizontal" x="1057.0" y="175.0"/>
            </dragpoint>
          </dragpoints>
        </shape>
        <shape image="decision_icon" name="shape22" shapetype="decision" userlabel="Legal Entity not blank" x="752.0" y="160.0">
          <configuration>
            <decision comparison="notequals" name="Legal Entity not blank">
              <decisionvalue valueType="definedparameter">
                <definedprocessparameter componentId="795e769e-a9c3-442e-bff3-a96b04f9b531" componentName="EC372 - EC to NAVEX (OB)" propertyKey="8caddbc7-67c5-41dc-afb1-ce06fa7d9e8e" propertyLabel="Filter_LegalEntity"/>
              </decisionvalue>
              <decisionvalue valueType="static">
                <staticparameter staticproperty=""/>
              </decisionvalue>
            </decision>
          </configuration>
          <dragpoints>
            <dragpoint identifier="true" name="shape22.dragpoint1" text="True" toShape="shape23" x="800.0" y="73.0">
              <linesegment length="0" name="shape22.dragpoint1.lineseg1" orient="horizontal" x="786.0" y="175.0"/>
              <linesegment length="0" name="shape22.dragpoint1.lineseg2" orient="vertical" x="786.0" y="175.0"/>
              <linesegment length="15" name="shape22.dragpoint1.lineseg3" orient="horizontal" x="786.0" y="175.0"/>
              <linesegment length="96" name="shape22.dragpoint1.lineseg4" orient="vertical" x="801.0" y="79.0"/>
              <linesegment label="True" length="-1" name="shape22.dragpoint1.lineseg5" orient="horizontal" x="801.0" y="79.0"/>
            </dragpoint>
            <dragpoint identifier="false" name="shape22.dragpoint2" text="False" toShape="shape21" x="928.0" y="169.0">
              <linesegment length="0" name="shape22.dragpoint2.lineseg1" orient="horizontal" x="786.0" y="175.0"/>
              <linesegment length="0" name="shape22.dragpoint2.lineseg2" orient="vertical" x="786.0" y="175.0"/>
              <linesegment length="79" name="shape22.dragpoint2.lineseg3" orient="horizontal" x="786.0" y="175.0"/>
              <linesegment length="0" name="shape22.dragpoint2.lineseg4" orient="vertical" x="865.0" y="175.0"/>
              <linesegment label="False" length="63" name="shape22.dragpoint2.lineseg5" orient="horizontal" x="865.0" y="175.0"/>
            </dragpoint>
          </dragpoints>
        </shape>
        <shape image="documentproperties_icon" name="shape24" shapetype="documentproperties" userlabel="Set last modified &gt;" x="288.0" y="160.0">
          <configuration>
            <documentproperties>
              <documentproperty defaultValue="" isTradingPartner="false" name="Dynamic Process Property - where" persist="false" propertyId="process.where">
                <sourcevalues>
                  <parametervalue key="1" valueType="static">
                    <staticparameter staticproperty="last_modified_on &gt;to_datetime('"/>
                  </parametervalue>
                  <parametervalue key="2" valueType="process">
                    <processparameter processproperty="LSRD" processpropertydefaultvalue=""/>
                  </parametervalue>
                  <parametervalue key="3" valueType="static">
                    <staticparameter staticproperty="')"/>
                  </parametervalue>
                  <parametervalue key="4" valueType="static">
                    <staticparameter staticproperty="AND effective_end_date = to_date('"/>
                  </parametervalue>
                  <parametervalue key="5" valueType="process">
                    <processparameter processproperty="EDATE" processpropertydefaultvalue=""/>
                  </parametervalue>
                  <parametervalue key="6" valueType="static">
                    <staticparameter staticproperty="')"/>
                  </parametervalue>
                </sourcevalues>
              </documentproperty>
            </documentproperties>
          </configuration>
          <dragpoints>
            <dragpoint name="shape24.dragpoint1" toShape="shape14" x="496.0" y="169.0">
              <linesegment length="0" name="shape24.dragpoint1.lineseg1" orient="horizontal" x="322.0" y="175.0"/>
              <linesegment length="0" name="shape24.dragpoint1.lineseg2" orient="vertical" x="322.0" y="175.0"/>
              <linesegment length="95" name="shape24.dragpoint1.lineseg3" orient="horizontal" x="322.0" y="175.0"/>
              <linesegment length="0" name="shape24.dragpoint1.lineseg4" orient="vertical" x="417.0" y="175.0"/>
              <linesegment length="79" name="shape24.dragpoint1.lineseg5" orient="horizontal" x="417.0" y="175.0"/>
            </dragpoint>
          </dragpoints>
        </shape>
        <shape image="documentproperties_icon" name="shape26" shapetype="documentproperties" userlabel="Set where" x="1632.0" y="160.0">
          <configuration>
            <documentproperties>
              <documentproperty defaultValue="" isTradingPartner="false" name="Dynamic Process Property - where" persist="false" propertyId="process.where">
                <sourcevalues>
                  <parametervalue key="1" valueType="current"/>
                </sourcevalues>
              </documentproperty>
            </documentproperties>
          </configuration>
          <dragpoints>
            <dragpoint name="shape26.dragpoint1" toShape="shape27" x="1728.0" y="169.0">
              <linesegment length="0" name="shape26.dragpoint1.lineseg1" orient="horizontal" x="1666.0" y="175.0"/>
              <linesegment length="0" name="shape26.dragpoint1.lineseg2" orient="vertical" x="1666.0" y="175.0"/>
              <linesegment length="39" name="shape26.dragpoint1.lineseg3" orient="horizontal" x="1666.0" y="175.0"/>
              <linesegment length="0" name="shape26.dragpoint1.lineseg4" orient="vertical" x="1705.0" y="175.0"/>
              <linesegment length="23" name="shape26.dragpoint1.lineseg5" orient="horizontal" x="1705.0" y="175.0"/>
            </dragpoint>
          </dragpoints>
        </shape>
        <shape image="stop_icon" name="shape27" shapetype="stop" userlabel="" x="1744.0" y="160.0">
          <configuration>
            <stop continue="true"/>
          </configuration>
          <dragpoints/>
        </shape>
        <shape image="dataprocess_icon" name="shape25" shapetype="dataprocess" userlabel="Fill in single quotes" x="1504.0" y="160.0">
          <configuration>
            <dataprocess>
              <step index="1" key="1" name="Search/Replace" processtype="1">
                <dataprocessreplace replacewith="','" searchType="document" texttofind=","/>
              </step>
            </dataprocess>
          </configuration>
          <dragpoints>
            <dragpoint name="shape25.dragpoint1" toShape="shape26" x="1616.0" y="169.0">
              <linesegment length="0" name="shape25.dragpoint1.lineseg1" orient="horizontal" x="1538.0" y="175.0"/>
              <linesegment length="0" name="shape25.dragpoint1.lineseg2" orient="vertical" x="1538.0" y="175.0"/>
              <linesegment length="47" name="shape25.dragpoint1.lineseg3" orient="horizontal" x="1538.0" y="175.0"/>
              <linesegment length="0" name="shape25.dragpoint1.lineseg4" orient="vertical" x="1585.0" y="175.0"/>
              <linesegment length="31" name="shape25.dragpoint1.lineseg5" orient="horizontal" x="1585.0" y="175.0"/>
            </dragpoint>
          </dragpoints>
        </shape>
        <shape image="documentproperties_icon" name="shape28" shapetype="documentproperties" userlabel="Set effective_end_date &gt;=" x="288.0" y="288.0">
          <configuration>
            <documentproperties>
              <documentproperty defaultValue="" isTradingPartner="false" name="Dynamic Process Property - where" persist="false" propertyId="process.where">
                <sourcevalues>
                  <parametervalue key="1" valueType="static">
                    <staticparameter staticproperty="effective_end_date = to_date('"/>
                  </parametervalue>
                  <parametervalue key="2" valueType="process">
                    <processparameter processproperty="EDATE" processpropertydefaultvalue=""/>
                  </parametervalue>
                  <parametervalue key="3" valueType="static">
                    <staticparameter staticproperty="')"/>
                  </parametervalue>
                </sourcevalues>
              </documentproperty>
            </documentproperties>
          </configuration>
          <dragpoints>
            <dragpoint name="shape28.dragpoint1" toShape="shape14" x="496.0" y="169.0">
              <linesegment length="0" name="shape28.dragpoint1.lineseg1" orient="horizontal" x="322.0" y="303.0"/>
              <linesegment length="0" name="shape28.dragpoint1.lineseg2" orient="vertical" x="322.0" y="303.0"/>
              <linesegment length="95" name="shape28.dragpoint1.lineseg3" orient="horizontal" x="322.0" y="303.0"/>
              <linesegment length="128" name="shape28.dragpoint1.lineseg4" orient="vertical" x="417.0" y="175.0"/>
              <linesegment length="79" name="shape28.dragpoint1.lineseg5" orient="horizontal" x="417.0" y="175.0"/>
            </dragpoint>
          </dragpoints>
        </shape>
        <shape image="decision_icon" name="shape29" shapetype="decision" userlabel="Delta Run?" x="128.0" y="224.0">
          <configuration>
            <decision comparison="equals" name="Delta Run?">
              <decisionvalue valueType="definedparameter">
                <definedprocessparameter componentId="795e769e-a9c3-442e-bff3-a96b04f9b531" componentName="EC372 - EC to NAVEX (OB)" propertyKey="d0c9f73d-8faa-47c1-adda-3abd94033ac9" propertyLabel="FileType"/>
              </decisionvalue>
              <decisionvalue valueType="static">
                <staticparameter staticproperty="Delta"/>
              </decisionvalue>
            </decision>
          </configuration>
          <dragpoints>
            <dragpoint identifier="true" name="shape29.dragpoint1" text="True" toShape="shape24" x="272.0" y="169.0">
              <linesegment length="0" name="shape29.dragpoint1.lineseg1" orient="horizontal" x="162.0" y="239.0"/>
              <linesegment length="0" name="shape29.dragpoint1.lineseg2" orient="vertical" x="162.0" y="239.0"/>
              <linesegment length="63" name="shape29.dragpoint1.lineseg3" orient="horizontal" x="162.0" y="239.0"/>
              <linesegment length="64" name="shape29.dragpoint1.lineseg4" orient="vertical" x="225.0" y="175.0"/>
              <linesegment label="True" length="47" name="shape29.dragpoint1.lineseg5" orient="horizontal" x="225.0" y="175.0"/>
            </dragpoint>
            <dragpoint identifier="false" name="shape29.dragpoint2" text="False" toShape="shape28" x="272.0" y="297.0">
              <linesegment length="0" name="shape29.dragpoint2.lineseg1" orient="horizontal" x="162.0" y="239.0"/>
              <linesegment length="0" name="shape29.dragpoint2.lineseg2" orient="vertical" x="162.0" y="239.0"/>
              <linesegment length="63" name="shape29.dragpoint2.lineseg3" orient="horizontal" x="162.0" y="239.0"/>
              <linesegment length="64" name="shape29.dragpoint2.lineseg4" orient="vertical" x="225.0" y="239.0"/>
              <linesegment label="False" length="47" name="shape29.dragpoint2.lineseg5" orient="horizontal" x="225.0" y="303.0"/>
            </dragpoint>
          </dragpoints>
        </shape>
      </shapes>
    </process>
  </bns:object>
  <bns:processOverrides/>
</bns:Component>