<?xml version="1.0" ?>
<shape image="start" name="shape1" shapetype="start" userlabel="Start" x="16.0" y="224.0">
  <configuration>
    <passthroughaction/>
  </configuration>
  <dragpoints>
    <dragpoint name="shape1.dragpoint1" toShape="shape29" x="112.0" y="233.0">
      <linesegment length="0" name="shape1.dragpoint1.lineseg1" orient="horizontal" x="50.0" y="239.0"/>
      <linesegment length="0" name="shape1.dragpoint1.lineseg2" orient="vertical" x="50.0" y="239.0"/>
      <linesegment length="39" name="shape1.dragpoint1.lineseg3" orient="horizontal" x="50.0" y="239.0"/>
      <linesegment length="0" name="shape1.dragpoint1.lineseg4" orient="vertical" x="89.0" y="239.0"/>
      <linesegment length="23" name="shape1.dragpoint1.lineseg5" orient="horizontal" x="89.0" y="239.0"/>
    </dragpoint>
  </dragpoints>
</shape>