<?xml version="1.0" ?>
<shape image="documentproperties_icon" name="shape24" shapetype="documentproperties" userlabel="Set last modified &gt;" x="288.0" y="160.0">
  <configuration>
    <documentproperties>
      <documentproperty defaultValue="" isTradingPartner="false" name="Dynamic Process Property - where" persist="false" propertyId="process.where">
        <sourcevalues>
          <parametervalue key="1" valueType="static">
            <staticparameter staticproperty="last_modified_on &gt;to_datetime('"/>
          </parametervalue>
          <parametervalue key="2" valueType="process">
            <processparameter processproperty="LSRD" processpropertydefaultvalue=""/>
          </parametervalue>
          <parametervalue key="3" valueType="static">
            <staticparameter staticproperty="')"/>
          </parametervalue>
          <parametervalue key="4" valueType="static">
            <staticparameter staticproperty="AND effective_end_date = to_date('"/>
          </parametervalue>
          <parametervalue key="5" valueType="process">
            <processparameter processproperty="EDATE" processpropertydefaultvalue=""/>
          </parametervalue>
          <parametervalue key="6" valueType="static">
            <staticparameter staticproperty="')"/>
          </parametervalue>
        </sourcevalues>
      </documentproperty>
    </documentproperties>
  </configuration>
  <dragpoints>
    <dragpoint name="shape24.dragpoint1" toShape="shape14" x="496.0" y="169.0">
      <linesegment length="0" name="shape24.dragpoint1.lineseg1" orient="horizontal" x="322.0" y="175.0"/>
      <linesegment length="0" name="shape24.dragpoint1.lineseg2" orient="vertical" x="322.0" y="175.0"/>
      <linesegment length="95" name="shape24.dragpoint1.lineseg3" orient="horizontal" x="322.0" y="175.0"/>
      <linesegment length="0" name="shape24.dragpoint1.lineseg4" orient="vertical" x="417.0" y="175.0"/>
      <linesegment length="79" name="shape24.dragpoint1.lineseg5" orient="horizontal" x="417.0" y="175.0"/>
    </dragpoint>
  </dragpoints>
</shape>