<?xml version="1.0" ?>
<shape image="documentproperties_icon" name="shape16" shapetype="documentproperties" userlabel="Set  company_territory_code IN" x="624.0" y="80.0">
  <configuration>
    <documentproperties>
      <documentproperty defaultValue="" isTradingPartner="false" name="Dynamic Process Property - where" persist="false" propertyId="process.where">
        <sourcevalues>
          <parametervalue key="1" valueType="process">
            <processparameter processproperty="where" processpropertydefaultvalue=""/>
          </parametervalue>
          <parametervalue key="2" valueType="static">
            <staticparameter staticproperty="AND company_territory_code IN ('"/>
          </parametervalue>
          <parametervalue key="4" valueType="definedparameter">
            <definedprocessparameter componentId="795e769e-a9c3-442e-bff3-a96b04f9b531" componentName="EC372 - EC to NAVEX (OB)" propertyKey="a92b59a7-bbfb-4ee5-8a4c-e32d7727fbb4" propertyLabel="Filter_company_territory_code"/>
          </parametervalue>
          <parametervalue key="3" valueType="static">
            <staticparameter staticproperty="')"/>
          </parametervalue>
        </sourcevalues>
      </documentproperty>
    </documentproperties>
  </configuration>
  <dragpoints>
    <dragpoint name="shape16.dragpoint1" toShape="shape22" x="736.0" y="169.0">
      <linesegment length="0" name="shape16.dragpoint1.lineseg1" orient="horizontal" x="658.0" y="95.0"/>
      <linesegment length="0" name="shape16.dragpoint1.lineseg2" orient="vertical" x="658.0" y="95.0"/>
      <linesegment length="47" name="shape16.dragpoint1.lineseg3" orient="horizontal" x="658.0" y="95.0"/>
      <linesegment length="80" name="shape16.dragpoint1.lineseg4" orient="vertical" x="705.0" y="95.0"/>
      <linesegment length="31" name="shape16.dragpoint1.lineseg5" orient="horizontal" x="705.0" y="175.0"/>
    </dragpoint>
  </dragpoints>
</shape>