<?xml version="1.0" ?>
<shape image="decision_icon" name="shape22" shapetype="decision" userlabel="Legal Entity not blank" x="752.0" y="160.0">
  <configuration>
    <decision comparison="notequals" name="Legal Entity not blank">
      <decisionvalue valueType="definedparameter">
        <definedprocessparameter componentId="795e769e-a9c3-442e-bff3-a96b04f9b531" componentName="EC372 - EC to NAVEX (OB)" propertyKey="8caddbc7-67c5-41dc-afb1-ce06fa7d9e8e" propertyLabel="Filter_LegalEntity"/>
      </decisionvalue>
      <decisionvalue valueType="static">
        <staticparameter staticproperty=""/>
      </decisionvalue>
    </decision>
  </configuration>
  <dragpoints>
    <dragpoint identifier="true" name="shape22.dragpoint1" text="True" toShape="shape23" x="800.0" y="73.0">
      <linesegment length="0" name="shape22.dragpoint1.lineseg1" orient="horizontal" x="786.0" y="175.0"/>
      <linesegment length="0" name="shape22.dragpoint1.lineseg2" orient="vertical" x="786.0" y="175.0"/>
      <linesegment length="15" name="shape22.dragpoint1.lineseg3" orient="horizontal" x="786.0" y="175.0"/>
      <linesegment length="96" name="shape22.dragpoint1.lineseg4" orient="vertical" x="801.0" y="79.0"/>
      <linesegment label="True" length="-1" name="shape22.dragpoint1.lineseg5" orient="horizontal" x="801.0" y="79.0"/>
    </dragpoint>
    <dragpoint identifier="false" name="shape22.dragpoint2" text="False" toShape="shape21" x="928.0" y="169.0">
      <linesegment length="0" name="shape22.dragpoint2.lineseg1" orient="horizontal" x="786.0" y="175.0"/>
      <linesegment length="0" name="shape22.dragpoint2.lineseg2" orient="vertical" x="786.0" y="175.0"/>
      <linesegment length="79" name="shape22.dragpoint2.lineseg3" orient="horizontal" x="786.0" y="175.0"/>
      <linesegment length="0" name="shape22.dragpoint2.lineseg4" orient="vertical" x="865.0" y="175.0"/>
      <linesegment label="False" length="63" name="shape22.dragpoint2.lineseg5" orient="horizontal" x="865.0" y="175.0"/>
    </dragpoint>
  </dragpoints>
</shape>