<?xml version="1.0" ?>
<shape image="documentproperties_icon" name="shape23" shapetype="documentproperties" userlabel="Set  Legal Entity IN" x="816.0" y="64.0">
  <configuration>
    <documentproperties>
      <documentproperty defaultValue="" isTradingPartner="false" name="Dynamic Process Property - where" persist="false" propertyId="process.where">
        <sourcevalues>
          <parametervalue key="1" valueType="process">
            <processparameter processproperty="where" processpropertydefaultvalue=""/>
          </parametervalue>
          <parametervalue key="2" valueType="static">
            <staticparameter staticproperty=" AND  company  IN ('"/>
          </parametervalue>
          <parametervalue key="3" valueType="definedparameter">
            <definedprocessparameter componentId="795e769e-a9c3-442e-bff3-a96b04f9b531" componentName="EC372 - EC to NAVEX (OB)" propertyKey="8caddbc7-67c5-41dc-afb1-ce06fa7d9e8e" propertyLabel="Filter_LegalEntity"/>
          </parametervalue>
          <parametervalue key="4" valueType="static">
            <staticparameter staticproperty="')"/>
          </parametervalue>
        </sourcevalues>
      </documentproperty>
    </documentproperties>
  </configuration>
  <dragpoints>
    <dragpoint name="shape23.dragpoint1" toShape="shape21" x="928.0" y="169.0">
      <linesegment length="0" name="shape23.dragpoint1.lineseg1" orient="horizontal" x="850.0" y="79.0"/>
      <linesegment length="0" name="shape23.dragpoint1.lineseg2" orient="vertical" x="850.0" y="79.0"/>
      <linesegment length="47" name="shape23.dragpoint1.lineseg3" orient="horizontal" x="850.0" y="79.0"/>
      <linesegment length="96" name="shape23.dragpoint1.lineseg4" orient="vertical" x="897.0" y="79.0"/>
      <linesegment length="31" name="shape23.dragpoint1.lineseg5" orient="horizontal" x="897.0" y="175.0"/>
    </dragpoint>
  </dragpoints>
</shape>