<?xml version="1.0" ?>
<shape image="decision_icon" name="shape3" shapetype="decision" userlabel="GPID  IS NOT BLANK" x="1136.0" y="160.0">
  <configuration>
    <decision comparison="notequals" name="GPID  IS NOT BLANK">
      <decisionvalue valueType="definedparameter">
        <definedprocessparameter componentId="795e769e-a9c3-442e-bff3-a96b04f9b531" componentName="EC372 - EC to NAVEX (OB)" propertyKey="c7175bc9-9ed8-4da3-97ad-e2147208110f" propertyLabel="Filter_GPID"/>
      </decisionvalue>
      <decisionvalue valueType="static">
        <staticparameter staticproperty=""/>
      </decisionvalue>
    </decision>
  </configuration>
  <dragpoints>
    <dragpoint identifier="true" name="shape3.dragpoint1" text="True" toShape="shape17" x="1232.0" y="73.0">
      <linesegment length="0" name="shape3.dragpoint1.lineseg1" orient="horizontal" x="1170.0" y="175.0"/>
      <linesegment length="0" name="shape3.dragpoint1.lineseg2" orient="vertical" x="1170.0" y="175.0"/>
      <linesegment length="39" name="shape3.dragpoint1.lineseg3" orient="horizontal" x="1170.0" y="175.0"/>
      <linesegment length="96" name="shape3.dragpoint1.lineseg4" orient="vertical" x="1209.0" y="79.0"/>
      <linesegment label="True" length="23" name="shape3.dragpoint1.lineseg5" orient="horizontal" x="1209.0" y="79.0"/>
    </dragpoint>
    <dragpoint identifier="false" name="shape3.dragpoint2" text="False" toShape="shape9" x="1344.0" y="169.0">
      <linesegment length="0" name="shape3.dragpoint2.lineseg1" orient="horizontal" x="1170.0" y="175.0"/>
      <linesegment length="0" name="shape3.dragpoint2.lineseg2" orient="vertical" x="1170.0" y="175.0"/>
      <linesegment length="95" name="shape3.dragpoint2.lineseg3" orient="horizontal" x="1170.0" y="175.0"/>
      <linesegment length="0" name="shape3.dragpoint2.lineseg4" orient="vertical" x="1265.0" y="175.0"/>
      <linesegment label="False" length="79" name="shape3.dragpoint2.lineseg5" orient="horizontal" x="1265.0" y="175.0"/>
    </dragpoint>
  </dragpoints>
</shape>