<?xml version="1.0" ?>
<shape image="documentproperties_icon" name="shape17" shapetype="documentproperties" userlabel="Set GPID IN" x="1248.0" y="64.0">
  <configuration>
    <documentproperties>
      <documentproperty defaultValue="" isTradingPartner="false" name="Dynamic Process Property - where" persist="false" propertyId="process.where">
        <sourcevalues>
          <parametervalue key="1" valueType="process">
            <processparameter processproperty="where" processpropertydefaultvalue=""/>
          </parametervalue>
          <parametervalue key="2" valueType="static">
            <staticparameter staticproperty=" AND  person_id_external IN ('"/>
          </parametervalue>
          <parametervalue key="3" valueType="definedparameter">
            <definedprocessparameter componentId="795e769e-a9c3-442e-bff3-a96b04f9b531" componentName="EC372 - EC to NAVEX (OB)" propertyKey="c7175bc9-9ed8-4da3-97ad-e2147208110f" propertyLabel="Filter_GPID"/>
          </parametervalue>
          <parametervalue key="4" valueType="static">
            <staticparameter staticproperty="')"/>
          </parametervalue>
        </sourcevalues>
      </documentproperty>
    </documentproperties>
  </configuration>
  <dragpoints>
    <dragpoint name="shape17.dragpoint1" toShape="shape9" x="1344.0" y="169.0">
      <linesegment length="0" name="shape17.dragpoint1.lineseg1" orient="horizontal" x="1282.0" y="79.0"/>
      <linesegment length="0" name="shape17.dragpoint1.lineseg2" orient="vertical" x="1282.0" y="79.0"/>
      <linesegment length="39" name="shape17.dragpoint1.lineseg3" orient="horizontal" x="1282.0" y="79.0"/>
      <linesegment length="96" name="shape17.dragpoint1.lineseg4" orient="vertical" x="1321.0" y="79.0"/>
      <linesegment length="23" name="shape17.dragpoint1.lineseg5" orient="horizontal" x="1321.0" y="175.0"/>
    </dragpoint>
  </dragpoints>
</shape>