<?xml version="1.0" ?>
<shape image="message_icon" name="shape9" shapetype="message" userlabel="Get where Property" x="1360.0" y="160.0">
  <configuration>
    <message combined="false">
      <msgTxt>{1}</msgTxt>
      <msgParameters>
        <parametervalue key="0" valueType="process">
          <processparameter processproperty="where" processpropertydefaultvalue=""/>
        </parametervalue>
      </msgParameters>
    </message>
  </configuration>
  <dragpoints>
    <dragpoint name="shape9.dragpoint1" toShape="shape25" x="1488.0" y="169.0">
      <linesegment length="0" name="shape9.dragpoint1.lineseg1" orient="horizontal" x="1394.0" y="175.0"/>
      <linesegment length="0" name="shape9.dragpoint1.lineseg2" orient="vertical" x="1394.0" y="175.0"/>
      <linesegment length="55" name="shape9.dragpoint1.lineseg3" orient="horizontal" x="1394.0" y="175.0"/>
      <linesegment length="0" name="shape9.dragpoint1.lineseg4" orient="vertical" x="1449.0" y="175.0"/>
      <linesegment length="39" name="shape9.dragpoint1.lineseg5" orient="horizontal" x="1449.0" y="175.0"/>
    </dragpoint>
  </dragpoints>
</shape>