<?xml version="1.0" ?>
<shape image="dataprocess_icon" name="shape25" shapetype="dataprocess" userlabel="Fill in single quotes" x="1504.0" y="160.0">
  <configuration>
    <dataprocess>
      <step index="1" key="1" name="Search/Replace" processtype="1">
        <dataprocessreplace replacewith="','" searchType="document" texttofind=","/>
      </step>
    </dataprocess>
  </configuration>
  <dragpoints>
    <dragpoint name="shape25.dragpoint1" toShape="shape26" x="1616.0" y="169.0">
      <linesegment length="0" name="shape25.dragpoint1.lineseg1" orient="horizontal" x="1538.0" y="175.0"/>
      <linesegment length="0" name="shape25.dragpoint1.lineseg2" orient="vertical" x="1538.0" y="175.0"/>
      <linesegment length="47" name="shape25.dragpoint1.lineseg3" orient="horizontal" x="1538.0" y="175.0"/>
      <linesegment length="0" name="shape25.dragpoint1.lineseg4" orient="vertical" x="1585.0" y="175.0"/>
      <linesegment length="31" name="shape25.dragpoint1.lineseg5" orient="horizontal" x="1585.0" y="175.0"/>
    </dragpoint>
  </dragpoints>
</shape>