<?xml version="1.0" ?>
<shape image="documentproperties_icon" name="shape26" shapetype="documentproperties" userlabel="Set where" x="1632.0" y="160.0">
  <configuration>
    <documentproperties>
      <documentproperty defaultValue="" isTradingPartner="false" name="Dynamic Process Property - where" persist="false" propertyId="process.where">
        <sourcevalues>
          <parametervalue key="1" valueType="current"/>
        </sourcevalues>
      </documentproperty>
    </documentproperties>
  </configuration>
  <dragpoints>
    <dragpoint name="shape26.dragpoint1" toShape="shape27" x="1728.0" y="169.0">
      <linesegment length="0" name="shape26.dragpoint1.lineseg1" orient="horizontal" x="1666.0" y="175.0"/>
      <linesegment length="0" name="shape26.dragpoint1.lineseg2" orient="vertical" x="1666.0" y="175.0"/>
      <linesegment length="39" name="shape26.dragpoint1.lineseg3" orient="horizontal" x="1666.0" y="175.0"/>
      <linesegment length="0" name="shape26.dragpoint1.lineseg4" orient="vertical" x="1705.0" y="175.0"/>
      <linesegment length="23" name="shape26.dragpoint1.lineseg5" orient="horizontal" x="1705.0" y="175.0"/>
    </dragpoint>
  </dragpoints>
</shape>