[
    {
        "CreationDateTime": "2023-10-09T16:34:19.993+05:30",
        "PaymentId": "PMT3564864",
        "Payments": {
            "PaymentType": "standing order",
            "PaymentMode": "Bank Wire",
            "PaymentMechanism": "recurring",
            "PaymentPurpose": "Standing instruction for phone bill 1000 USD",
            "PaymentDefinition": {
                "PaymentAmount": {
                    "MaxAmount": "1000",
                    "Currency": "USD"
                }
            },
            "PayeeBankReference": {
                "BankName": "ABC",
                "RoutingNumber": "2000123008"
            },
            "PayeeAccountReference": {
                "PayeeAccountNumber": "AMZ10012",
                "PayeeAccountType": "savings",
                "PayeeAccountDetails": "accountDetails"
            },
            "PaymentTransferType": "1st Party Transfer",
            "PayeeReference": {
                "PayeeName": "Amazon",
                "PayeeAddress": {
                    "AddressType": "Mailing Address",
                    "AddressLine1": "415 Mission St",
                    "AddressLine2": "Floor 61",
                    "City": "San Francisco",
                    "State": "CA",
                    "PostalCode": "94105",
                    "Country": "USA"
                }
            }
        }
    },
    {
        "CreationDateTime": "2023-10-09T16:38:47.975+05:30",
        "PaymentId": "PMT0228286",
        "Payments": {
            "PaymentType": "standing order",
            "PaymentMode": "Check Disbursement",
            "PaymentMechanism": "recurring",
            "PaymentPurpose": "Standing instruction for phone bill 1000 USD",
            "PaymentDefinition": {
                "PaymentAmount": {
                    "MaxAmount": "1000",
                    "Currency": "USD"
                }
            },
            "PayeeCheckReference": {
                "PayeeCheckMode": "AMZ10012",
                "PayeeCheckMemo": "savings",
                "PayeeCheckStubInformation": "savings"
            },
            "PaymentTransferType": "1st Party Transfer",
            "PayeeReference": {
                "PayeeName": "Misho",
                "PayeeAddress": {
                    "AddressType": "Mailing Address",
                    "AddressLine1": "415 Mission St",
                    "AddressLine2": "Floor 61",
                    "City": "San Francisco",
                    "State": "CA",
                    "PostalCode": "94105",
                    "Country": "USA"
                }
            }
        }
    },
    {
        "CreationDateTime": "2023-10-09T16:41:19.296+05:30",
        "PaymentId": "PMT0372052",
        "Payments": {
            "PaymentType": "standing order",
            "PaymentMode": "EFT",
            "PaymentMechanism": "recurring",
            "PaymentPurpose": "Standing instruction for phone bill 1000 USD",
            "PaymentDefinition": {
                "PaymentAmount": {
                    "MaxAmount": "1000",
                    "Currency": "USD"
                }
            },
            "PayeeBankReference": {
                "BankName": "ABC",
                "RoutingNumber": "2000123008"
            },
            "PayeeAccountReference": {
                "PayeeAccountNumber": "AMZ10012",
                "PayeeAccountType": "savings",
                "PayeeAccountDetails": "accountDetails"
            },
            "PaymentTransferType": "1st Party Transfer",
            "PayeeReference": {
                "PayeeName": "Flipkart",
                "PayeeAddress": {
                    "AddressType": "Mailing Address",
                    "AddressLine1": "415 Mission St",
                    "AddressLine2": "Floor 61",
                    "City": "San Francisco",
                    "State": "CA",
                    "PostalCode": "94105",
                    "Country": "USA"
                }
            }
        }
    }
]