<?xml version="1.0" encoding="UTF-8"?><Component xmlns:bns="http://api.platform.boomi.com/" xmlns:xsi="http://www.w3.org/2001/XMLSchema-instance" branchId="Qjo1MDE0MTU" branchName="main" componentId="22d84e3e-6a7f-4c9d-9757-67177bc97a19" copiedFromComponentId="4672357a-1565-4100-85a0-3496ea1cb3da" copiedFromComponentVersion="6" createdBy="deepan@itresonance.com" createdDate="2025-06-05T11:22:11Z" currentVersion="true" deleted="false" folderFullPath="IT Resonance/Create Salesforce Opportunities from Stripe Subscriptions_2025-06-05-11:22:02" folderId="Rjo3NzA2ODk1" folderName="Create Salesforce Opportunities from Stripe Subscriptions_2025-06-05-11:22:02" modifiedBy="deepan@itresonance.com" modifiedDate="2025-06-05T11:22:11Z" name="SF Opportunity CREATE Operation" subType="salesforce" type="connector-action" version="1">
  <bns:encryptedValues/>
  <bns:description>For more details, see here: https://community.boomi.com/s/article/Create-Salesforce-Opportunities-from-Stripe-Subscriptions</bns:description>
  <bns:object>
    <Operation>
      <Archiving directory="" enabled="false"/>
      <Configuration>
        <SalesforceSendAction batchCount="200" batchSize="10" bulkAPIVersion="None" objectAction="create" objectName="Opportunity" requestProfile="efd69737-e49c-4a38-bb32-abb39383ed5f" returnApplicationErrors="false" useBulkAPI="false">
          <Options>
            <Fields>
              <SalesforceObject checkable="false" externalIdField="Choose..." import="true" level="0" name="Opportunity" objectAction="create" objectType="Opportunity">
                <FieldList name="FieldList">
                  <SalesforceField custom="false" dataType="reference" fEnabled="true" name="AccountId" nillable="true">
                    <references relationshipName="Account" useExternalId="false">
                      <referenceTo objectType="Account">
                        <referenceField custom="false" dataType="character" name="Id"/>
                      </referenceTo>
                    </references>
                  </SalesforceField>
                  <SalesforceField custom="false" dataType="boolean" fEnabled="true" name="IsPrivate" nillable="false"/>
                  <SalesforceField custom="false" dataType="character" fEnabled="true" name="Name" nillable="false"/>
                  <SalesforceField custom="false" dataType="character" fEnabled="true" name="Description" nillable="true"/>
                  <SalesforceField custom="false" dataType="character" fEnabled="true" name="StageName" nillable="false"/>
                  <SalesforceField custom="false" dataType="number" fEnabled="true" name="Amount" nillable="true"/>
                  <SalesforceField custom="false" dataType="number" fEnabled="true" name="Probability" nillable="true"/>
                  <SalesforceField custom="false" dataType="number" fEnabled="true" name="TotalOpportunityQuantity" nillable="true"/>
                  <SalesforceField custom="false" dataType="date" fEnabled="true" name="CloseDate" nillable="false"/>
                  <SalesforceField custom="false" dataType="character" fEnabled="true" name="Type" nillable="true"/>
                  <SalesforceField custom="false" dataType="character" fEnabled="true" name="NextStep" nillable="true"/>
                  <SalesforceField custom="false" dataType="character" fEnabled="true" name="LeadSource" nillable="true"/>
                  <SalesforceField custom="false" dataType="character" fEnabled="true" name="ForecastCategoryName" nillable="true"/>
                  <SalesforceField custom="false" dataType="reference" fEnabled="true" name="CampaignId" nillable="true">
                    <references relationshipName="Campaign" useExternalId="false">
                      <referenceTo objectType="Campaign">
                        <referenceField custom="false" dataType="character" name="Id"/>
                        <referenceField custom="false" dataType="character" name="Name"/>
                      </referenceTo>
                    </references>
                  </SalesforceField>
                  <SalesforceField custom="false" dataType="reference" fEnabled="true" name="Pricebook2Id" nillable="true">
                    <references relationshipName="Pricebook2" useExternalId="false">
                      <referenceTo objectType="Pricebook2">
                        <referenceField custom="false" dataType="character" name="Id"/>
                        <referenceField custom="false" dataType="character" name="Name"/>
                      </referenceTo>
                    </references>
                  </SalesforceField>
                  <SalesforceField custom="false" dataType="reference" fEnabled="true" name="OwnerId" nillable="false">
                    <references relationshipName="Owner" useExternalId="false">
                      <referenceTo objectType="User">
                        <referenceField custom="false" dataType="character" name="Id"/>
                        <referenceField custom="false" dataType="character" name="Username"/>
                        <referenceField custom="false" dataType="character" name="Email"/>
                        <referenceField custom="false" dataType="character" name="EmployeeNumber"/>
                        <referenceField custom="false" dataType="character" name="FederationIdentifier"/>
                      </referenceTo>
                    </references>
                  </SalesforceField>
                  <SalesforceField custom="false" dataType="character" fEnabled="true" name="DeliveryInstallationStatus__c" nillable="true"/>
                  <SalesforceField custom="false" dataType="character" fEnabled="true" name="TrackingNumber__c" nillable="true"/>
                  <SalesforceField custom="false" dataType="character" fEnabled="true" name="OrderNumber__c" nillable="true"/>
                  <SalesforceField custom="false" dataType="character" fEnabled="true" name="CurrentGenerators__c" nillable="true"/>
                  <SalesforceField custom="false" dataType="character" fEnabled="true" name="MainCompetitors__c" nillable="true"/>
                </FieldList>
                <Filter>
                  <SalesforceFilterLogical isRoot="true" logicalOperator="and"/>
                </Filter>
                <Sorts/>
              </SalesforceObject>
            </Fields>
          </Options>
        </SalesforceSendAction>
      </Configuration>
      <Tracking>
        <TrackedFields/>
      </Tracking>
      <Caching/>
    </Operation>
  </bns:object>
</Component>