<?xml version="1.0" ?>
<shape image="start" name="shape1" shapetype="start" userlabel="Start" x="96.0" y="96.0">
  <configuration>
    <passthroughaction/>
  </configuration>
  <dragpoints>
    <dragpoint name="shape1.dragpoint1" toShape="shape2" x="224.0" y="104.0">
      <linesegment length="0" name="shape1.dragpoint1.lineseg1" orient="horizontal" x="129.0" y="110.0"/>
      <linesegment length="0" name="shape1.dragpoint1.lineseg2" orient="vertical" x="129.0" y="110.0"/>
      <linesegment length="55" name="shape1.dragpoint1.lineseg3" orient="horizontal" x="129.0" y="110.0"/>
      <linesegment length="0" name="shape1.dragpoint1.lineseg4" orient="vertical" x="184.0" y="110.0"/>
      <linesegment length="40" name="shape1.dragpoint1.lineseg5" orient="horizontal" x="184.0" y="110.0"/>
    </dragpoint>
  </dragpoints>
</shape>