<?xml version="1.0" ?>
<shape image="documentproperties_icon" name="shape2" shapetype="documentproperties" userlabel="Set PICKLISTIDS" x="240.0" y="96.0">
  <configuration>
    <documentproperties>
      <documentproperty defaultValue="" isTradingPartner="false" name="Dynamic Process Property - PICKLISTIDS" persist="false" propertyId="process.PICKLISTIDS">
        <sourcevalues>
          <parametervalue key="1" valueType="static">
            <staticparameter staticproperty="ISOCountryList,employee-status,GlobalEmployeeClass,jobRelType"/>
          </parametervalue>
        </sourcevalues>
      </documentproperty>
    </documentproperties>
  </configuration>
  <dragpoints>
    <dragpoint name="shape2.dragpoint1" toShape="shape3" x="448.0" y="104.0">
      <linesegment length="0" name="shape2.dragpoint1.lineseg1" orient="horizontal" x="273.0" y="110.0"/>
      <linesegment length="0" name="shape2.dragpoint1.lineseg2" orient="vertical" x="273.0" y="110.0"/>
      <linesegment length="95" name="shape2.dragpoint1.lineseg3" orient="horizontal" x="273.0" y="110.0"/>
      <linesegment length="0" name="shape2.dragpoint1.lineseg4" orient="vertical" x="368.0" y="110.0"/>
      <linesegment length="80" name="shape2.dragpoint1.lineseg5" orient="horizontal" x="368.0" y="110.0"/>
    </dragpoint>
  </dragpoints>
</shape>