<?xml version="1.0" encoding="UTF-8"?>

<mule xmlns:ee="http://www.mulesoft.org/schema/mule/ee/core" xmlns="http://www.mulesoft.org/schema/mule/core"
	xmlns:doc="http://www.mulesoft.org/schema/mule/documentation"
	xmlns:xsi="http://www.w3.org/2001/XMLSchema-instance" xsi:schemaLocation="http://www.mulesoft.org/schema/mule/core http://www.mulesoft.org/schema/mule/core/current/mule.xsd
http://www.mulesoft.org/schema/mule/ee/core http://www.mulesoft.org/schema/mule/ee/core/current/mule-ee.xsd">
	<error-handler name="Gobal_Error_Handler" doc:id="dedd9428-6d83-45ac-af3e-8c90f653b878" >
		<on-error-propagate enableNotifications="true" logException="true" doc:name="On Error Propagate" doc:id="3d0a4f17-c075-4005-a02d-7793c8627955" type="APIKIT:BAD_REQUEST" >
			<ee:transform doc:name="Transform Message" doc:id="5b9b5a73-4e64-4a08-a989-f7cbd4e34c0d" >
				<ee:message >
					<ee:set-payload ><![CDATA[%dw 2.0
output application/json
---
{message: "Bad request"}]]></ee:set-payload>
				</ee:message>
				<ee:variables >
					<ee:set-variable variableName="httpStatus" ><![CDATA[400]]></ee:set-variable>
				</ee:variables>
			</ee:transform>
		</on-error-propagate>
		<on-error-propagate enableNotifications="true" logException="true" doc:name="On Error Propagate" doc:id="2c1c8675-2526-4e1a-af01-472ed2cae4a7" type="APIKIT:NOT_FOUND" >
			<ee:transform doc:name="Transform Message" doc:id="a2175c6e-a935-439d-bc9e-15884da231af" >
				<ee:message >
					<ee:set-payload ><![CDATA[%dw 2.0
output application/json
---
{message: "Resource not found"}]]></ee:set-payload>
				</ee:message>
				<ee:variables >
					<ee:set-variable variableName="httpStatus" ><![CDATA[404]]></ee:set-variable>
				</ee:variables>
			</ee:transform>
		</on-error-propagate>
		<on-error-propagate enableNotifications="true" logException="true" doc:name="On Error Propagate" doc:id="67a6972a-0224-429c-acc9-d9a12db14111" type="APIKIT:METHOD_NOT_ALLOWED" >
			<ee:transform doc:name="Transform Message" doc:id="1c0d53f9-0f2c-45df-b010-fdd186a4686c" >
				<ee:message >
					<ee:set-payload ><![CDATA[%dw 2.0
output application/json
---
{message: "Method not allowed"}]]></ee:set-payload>
				</ee:message>
				<ee:variables >
					<ee:set-variable variableName="httpStatus" ><![CDATA[405]]></ee:set-variable>
				</ee:variables>
			</ee:transform>
		</on-error-propagate>
		<on-error-propagate enableNotifications="true" logException="true" doc:name="On Error Propagate" doc:id="48c646fa-659b-4d29-a66b-5cdbc76688c5" type="APIKIT:NOT_ACCEPTABLE" >
			<ee:transform doc:name="Transform Message" doc:id="bd83aa38-9f3c-4d6c-8646-5c9a782104ae" >
				<ee:message >
					<ee:set-payload ><![CDATA[%dw 2.0
output application/json
---
{message: "Not acceptable"}]]></ee:set-payload>
				</ee:message>
				<ee:variables >
					<ee:set-variable variableName="httpStatus" ><![CDATA[406]]></ee:set-variable>
				</ee:variables>
			</ee:transform>
		</on-error-propagate>
		<on-error-propagate enableNotifications="true" logException="true" doc:name="On Error Propagate" doc:id="833141db-e593-4ed8-b8a3-2afa94894db6" type="APIKIT:UNSUPPORTED_MEDIA_TYPE" >
			<ee:transform doc:name="Transform Message" doc:id="ad492659-4a85-4b79-962a-fff58b6259a9" >
				<ee:message >
					<ee:set-payload ><![CDATA[%dw 2.0
output application/json
---
{message: "Unsupported media type"}]]></ee:set-payload>
				</ee:message>
				<ee:variables >
					<ee:set-variable variableName="httpStatus" ><![CDATA[415]]></ee:set-variable>
				</ee:variables>
			</ee:transform>
		</on-error-propagate>
		<on-error-propagate enableNotifications="true" logException="true" doc:name="On Error Propagate" doc:id="23034ad6-aeea-42cc-888f-b20e9a324507" type="APIKIT:NOT_IMPLEMENTED" >
			<ee:transform doc:name="Transform Message" doc:id="d9e5ad55-22a7-48db-bf4b-9568a754982e" >
				<ee:message >
					<ee:set-payload ><![CDATA[%dw 2.0
output application/json
---
{message: "Not Implemented"}]]></ee:set-payload>
				</ee:message>
				<ee:variables >
					<ee:set-variable variableName="httpStatus" ><![CDATA[501]]></ee:set-variable>
				</ee:variables>
			</ee:transform>
		</on-error-propagate>
	</error-handler>
</mule>
