<?xml version="1.0" encoding="UTF-8"?>

<mule xmlns:apikit="http://www.mulesoft.org/schema/mule/mule-apikit" xmlns:http="http://www.mulesoft.org/schema/mule/http"
	xmlns="http://www.mulesoft.org/schema/mule/core"
	xmlns:doc="http://www.mulesoft.org/schema/mule/documentation" xmlns:xsi="http://www.w3.org/2001/XMLSchema-instance" xsi:schemaLocation="http://www.mulesoft.org/schema/mule/core http://www.mulesoft.org/schema/mule/core/current/mule.xsd
http://www.mulesoft.org/schema/mule/http http://www.mulesoft.org/schema/mule/http/current/mule-http.xsd
http://www.mulesoft.org/schema/mule/mule-apikit http://www.mulesoft.org/schema/mule/mule-apikit/current/mule-apikit.xsd">
	<configuration doc:name="Configuration" doc:id="e1bc9d52-77aa-4bea-ae5d-763ea2fa68c3" defaultErrorHandler-ref="Gobal_Error_Handler" />
	<http:listener-config name="HTTP_Listener_config" doc:name="HTTP Listener config" doc:id="1e672614-4fd0-44d1-b0ed-fc1e944fff72" >
		<http:listener-connection host="0.0.0.0" port="${api.listener.port}" />
	</http:listener-config>
	<http:request-config name="Hana_HTTP_Request_Configuration" doc:name="HTTP Request configuration" doc:id="23ca46aa-462b-4514-8c69-39a81882fea8" >
		<http:request-connection protocol="HTTPS" host="${hana.espm.url}" port="${hana.espm.port}" />
	</http:request-config>
	<configuration-properties doc:name="Configuration properties" doc:id="8d6a7150-9795-41ed-b885-3826b743ec87" file="dev.yaml" />
</mule>
