<?xml version="1.0" encoding="UTF-8"?>

<mule xmlns:ee="http://www.mulesoft.org/schema/mule/ee/core" xmlns:http="http://www.mulesoft.org/schema/mule/http"
	xmlns="http://www.mulesoft.org/schema/mule/core"
	xmlns:doc="http://www.mulesoft.org/schema/mule/documentation" xmlns:xsi="http://www.w3.org/2001/XMLSchema-instance" xsi:schemaLocation="http://www.mulesoft.org/schema/mule/core http://www.mulesoft.org/schema/mule/core/current/mule.xsd
http://www.mulesoft.org/schema/mule/http http://www.mulesoft.org/schema/mule/http/current/mule-http.xsd
http://www.mulesoft.org/schema/mule/ee/core http://www.mulesoft.org/schema/mule/ee/core/current/mule-ee.xsd">
	<sub-flow name="get-product-details-flow" doc:id="6f7216fd-2695-4e81-b9ad-a8de7a836c51" >
		<ee:transform doc:name="Product Identifier Validation" doc:id="40550ff6-922a-4e07-8cfe-e6afff28c739" >
			<ee:message >
			</ee:message>
			<ee:variables >
				<ee:set-variable variableName="isExistProduct" ><![CDATA[%dw 2.0
output application/java
var productidentifer=p('odata.productIdentifiers') splitBy(",")
---
sizeOf(productidentifer filter ($ == attributes.queryParams.productIdentifier))>0]]></ee:set-variable>
			</ee:variables>
		</ee:transform>
		<choice doc:name="Choice" doc:id="45a7370e-db8b-4429-8d5e-a551578e6951" >
			<when expression="#[vars.isExistProduct]" >
				<logger level="INFO" doc:name="Logger" doc:id="55b5cee7-6b3a-4cbc-93b5-4997dad72ecd" message="The request is processed and sent downstream with the product identifier (#[attributes.queryParams.productIdentifier])." />
				<http:request method="GET" doc:name="Request" doc:id="c1f29e64-5743-4fd9-8a0b-d73a01863633" config-ref="Hana_HTTP_Request_Configuration" path="${hana.espm.path}" >
					<http:query-params ><![CDATA[#[output application/java
---
{
	"\$filter" : "ProductId eq '" ++ (attributes.queryParams.productIdentifier default '') ++ "'",
	"\$select" : "ProductId,Category,CategoryName,CurrencyCode,DimensionDepth,DimensionHeight,DimensionUnit,DimensionWidth,LongDescription,Name,PictureUrl,Price,QuantityUnit,ShortDescription,SupplierId,Weight,WeightUnit"
}]]]></http:query-params>
				</http:request>
				<ee:transform doc:name="Transform Message" doc:id="8160e1cc-2289-458c-9ae8-f2861ea7b47b" >
					<ee:message >
						<ee:set-payload ><![CDATA[%dw 2.0
output application/json
---
payload]]></ee:set-payload>
					</ee:message>
				</ee:transform>
			</when>
			<otherwise >
				<logger level="INFO" doc:name="Logger" doc:id="27870e8f-a5a2-4db9-9337-4d9b9bceeb00" message="The product identifier (#[attributes.queryParams.productIdentifier]) was not passed in the request or was passed incorrectly." />
				<ee:transform doc:name="Transform Message" doc:id="f048c427-022a-4979-8eb1-415e625df9b8" >
					<ee:message >
						<ee:set-payload ><![CDATA[%dw 2.0
output application/json
---
{
	status: "error",
	message: "The product identifier " ++ attributes.queryParams.productIdentifier ++ " was not found.",
	errorCode: "PRODUCT_NOT_FOUND"
}]]></ee:set-payload>
					</ee:message>
				</ee:transform>
			</otherwise>
		</choice>
	</sub-flow>
</mule>
