<?xml version="1.0" ?>
<bns:Component xmlns:xsi="http://www.w3.org/2001/XMLSchema-instance" xmlns:bns="http://api.platform.boomi.com/" folderFullPath="PepsiCo/2.0 Development/2.1 Global Integrations/EC372 - EC to NAVEX (OB)" componentId="31a87c8f-19d7-4288-a6c7-929e94724a6a" version="4" name="Sub: SFTP to Pepsi and NAVEX" type="process" createdDate="2018-04-25T10:42:51Z" createdBy="Deep.Singh.Chauhan@accenture.com" modifiedDate="2018-05-03T07:40:06Z" modifiedBy="Deep.Singh.Chauhan@accenture.com" deleted="false" currentVersion="true" folderName="EC372 - EC to NAVEX (OB)" folderId="RjoxOTM3OTEx" branchName="main" branchId="QjoyOTk5NDY">
  <bns:encryptedValues/>
  <bns:description/>
  <bns:object>
    <process xmlns="" allowSimultaneous="false" enableUserLog="false" processLogOnErrorOnly="false" purgeDataImmediately="false" updateRunDates="false" workload="general">
      <shapes>
        <shape image="start" name="shape1" shapetype="start" userlabel="Start" x="80.0" y="176.0">
          <configuration>
            <passthroughaction/>
          </configuration>
          <dragpoints>
            <dragpoint name="shape1.dragpoint1" toShape="shape7" x="224.0" y="184.0">
              <linesegment length="0" name="shape1.dragpoint1.lineseg1" orient="horizontal" x="113.0" y="190.0"/>
              <linesegment length="0" name="shape1.dragpoint1.lineseg2" orient="vertical" x="113.0" y="190.0"/>
              <linesegment length="63" name="shape1.dragpoint1.lineseg3" orient="horizontal" x="113.0" y="190.0"/>
              <linesegment length="0" name="shape1.dragpoint1.lineseg4" orient="vertical" x="176.0" y="190.0"/>
              <linesegment length="48" name="shape1.dragpoint1.lineseg5" orient="horizontal" x="176.0" y="190.0"/>
            </dragpoint>
          </dragpoints>
        </shape>
        <shape image="catcherrors_icon" name="shape5" shapetype="catcherrors" userlabel="" x="832.0" y="480.0">
          <configuration>
            <catcherrors catchAll="true" retryCount="3"/>
          </configuration>
          <dragpoints>
            <dragpoint identifier="default" name="shape5.dragpoint1" text="Try" toShape="shape21" x="1072.0" y="488.0">
              <linesegment length="0" name="shape5.dragpoint1.lineseg1" orient="horizontal" x="865.0" y="494.0"/>
              <linesegment length="0" name="shape5.dragpoint1.lineseg2" orient="vertical" x="865.0" y="494.0"/>
              <linesegment length="111" name="shape5.dragpoint1.lineseg3" orient="horizontal" x="865.0" y="494.0"/>
              <linesegment length="0" name="shape5.dragpoint1.lineseg4" orient="vertical" x="976.0" y="494.0"/>
              <linesegment label="Try" length="96" name="shape5.dragpoint1.lineseg5" orient="horizontal" x="976.0" y="494.0"/>
            </dragpoint>
            <dragpoint identifier="error" name="shape5.dragpoint2" text="Catch" toShape="shape15" x="1024.0" y="600.0">
              <linesegment length="0" name="shape5.dragpoint2.lineseg1" orient="horizontal" x="865.0" y="494.0"/>
              <linesegment length="0" name="shape5.dragpoint2.lineseg2" orient="vertical" x="865.0" y="494.0"/>
              <linesegment length="87" name="shape5.dragpoint2.lineseg3" orient="horizontal" x="865.0" y="494.0"/>
              <linesegment length="112" name="shape5.dragpoint2.lineseg4" orient="vertical" x="952.0" y="494.0"/>
              <linesegment label="Catch" length="72" name="shape5.dragpoint2.lineseg5" orient="horizontal" x="952.0" y="606.0"/>
            </dragpoint>
          </dragpoints>
        </shape>
        <shape image="documentproperties_icon" name="shape3" shapetype="documentproperties" userlabel="Set NAVEX Directory" x="592.0" y="176.0">
          <configuration>
            <documentproperties>
              <documentproperty defaultValue="" isTradingPartner="false" name="SFTP - Remote Directory" persist="false" propertyId="connector.sftp.remoteDirectory">
                <sourcevalues>
                  <parametervalue key="1" valueType="definedparameter">
                    <definedprocessparameter componentId="795e769e-a9c3-442e-bff3-a96b04f9b531" componentName="EC372 - EC to NAVEX (OB)" propertyKey="729bf863-ed8a-4863-85e7-f6a69f337c8b" propertyLabel="NAVEXSFTPDirectory"/>
                  </parametervalue>
                </sourcevalues>
              </documentproperty>
            </documentproperties>
          </configuration>
          <dragpoints>
            <dragpoint name="shape3.dragpoint1" toShape="shape6" x="720.0" y="184.0">
              <linesegment length="0" name="shape3.dragpoint1.lineseg1" orient="horizontal" x="625.0" y="190.0"/>
              <linesegment length="0" name="shape3.dragpoint1.lineseg2" orient="vertical" x="625.0" y="190.0"/>
              <linesegment length="55" name="shape3.dragpoint1.lineseg3" orient="horizontal" x="625.0" y="190.0"/>
              <linesegment length="0" name="shape3.dragpoint1.lineseg4" orient="vertical" x="680.0" y="190.0"/>
              <linesegment length="40" name="shape3.dragpoint1.lineseg5" orient="horizontal" x="680.0" y="190.0"/>
            </dragpoint>
          </dragpoints>
        </shape>
        <shape image="branch_icon" name="shape6" shapetype="branch" userlabel="" x="736.0" y="176.0">
          <configuration>
            <branch numBranches="2"/>
          </configuration>
          <dragpoints>
            <dragpoint identifier="1" name="shape6.dragpoint1" text="1" toShape="shape9" x="880.0" y="184.0">
              <linesegment length="0" name="shape6.dragpoint1.lineseg1" orient="horizontal" x="769.0" y="190.0"/>
              <linesegment length="0" name="shape6.dragpoint1.lineseg2" orient="vertical" x="769.0" y="190.0"/>
              <linesegment length="63" name="shape6.dragpoint1.lineseg3" orient="horizontal" x="769.0" y="190.0"/>
              <linesegment length="0" name="shape6.dragpoint1.lineseg4" orient="vertical" x="832.0" y="190.0"/>
              <linesegment label="1" length="48" name="shape6.dragpoint1.lineseg5" orient="horizontal" x="832.0" y="190.0"/>
            </dragpoint>
            <dragpoint identifier="2" name="shape6.dragpoint2" text="2" toShape="shape10" x="880.0" y="328.0">
              <linesegment length="0" name="shape6.dragpoint2.lineseg1" orient="horizontal" x="769.0" y="190.0"/>
              <linesegment length="0" name="shape6.dragpoint2.lineseg2" orient="vertical" x="769.0" y="190.0"/>
              <linesegment length="63" name="shape6.dragpoint2.lineseg3" orient="horizontal" x="769.0" y="190.0"/>
              <linesegment length="144" name="shape6.dragpoint2.lineseg4" orient="vertical" x="832.0" y="190.0"/>
              <linesegment label="2" length="48" name="shape6.dragpoint2.lineseg5" orient="horizontal" x="832.0" y="334.0"/>
            </dragpoint>
          </dragpoints>
        </shape>
        <shape image="dataprocess_icon" name="shape2" shapetype="dataprocess" userlabel="PGP Encryption" x="608.0" y="400.0">
          <configuration>
            <dataprocess>
              <step index="1" key="1" name="PGP Encrypt" processtype="2">
                <dataprocesspgpencrypt clearSign="true" connectorType="" encryptalias="97e0fea3-d795-41e7-a8e5-71a8a4d1d392" queuesecurity="encrypted"/>
              </step>
            </dataprocess>
          </configuration>
          <dragpoints>
            <dragpoint name="shape2.dragpoint1" toShape="shape4" x="720.0" y="488.0">
              <linesegment length="0" name="shape2.dragpoint1.lineseg1" orient="horizontal" x="641.0" y="414.0"/>
              <linesegment length="0" name="shape2.dragpoint1.lineseg2" orient="vertical" x="641.0" y="414.0"/>
              <linesegment length="47" name="shape2.dragpoint1.lineseg3" orient="horizontal" x="641.0" y="414.0"/>
              <linesegment length="80" name="shape2.dragpoint1.lineseg4" orient="vertical" x="688.0" y="414.0"/>
              <linesegment length="32" name="shape2.dragpoint1.lineseg5" orient="horizontal" x="688.0" y="494.0"/>
            </dragpoint>
          </dragpoints>
        </shape>
        <shape image="documentproperties_icon" name="shape4" shapetype="documentproperties" userlabel="Set Remote Directory for Archive file" x="736.0" y="480.0">
          <configuration>
            <documentproperties>
              <documentproperty defaultValue="" isTradingPartner="false" name="SFTP - Remote Directory" persist="false" propertyId="connector.sftp.remoteDirectory">
                <sourcevalues>
                  <parametervalue key="1" valueType="definedparameter">
                    <definedprocessparameter componentId="795e769e-a9c3-442e-bff3-a96b04f9b531" componentName="EC372 - EC to NAVEX (OB)" propertyKey="6c4f4625-a39d-4368-b986-85499c5dd7d2" propertyLabel="Archive path on SFTP server"/>
                  </parametervalue>
                </sourcevalues>
              </documentproperty>
            </documentproperties>
          </configuration>
          <dragpoints>
            <dragpoint name="shape4.dragpoint1" toShape="shape5" x="816.0" y="488.0">
              <linesegment length="0" name="shape4.dragpoint1.lineseg1" orient="horizontal" x="769.0" y="494.0"/>
              <linesegment length="0" name="shape4.dragpoint1.lineseg2" orient="vertical" x="769.0" y="494.0"/>
              <linesegment length="31" name="shape4.dragpoint1.lineseg3" orient="horizontal" x="769.0" y="494.0"/>
              <linesegment length="0" name="shape4.dragpoint1.lineseg4" orient="vertical" x="800.0" y="494.0"/>
              <linesegment length="16" name="shape4.dragpoint1.lineseg5" orient="horizontal" x="800.0" y="494.0"/>
            </dragpoint>
          </dragpoints>
        </shape>
        <shape image="branch_icon" name="shape7" shapetype="branch" userlabel="" x="240.0" y="176.0">
          <configuration>
            <branch numBranches="2"/>
          </configuration>
          <dragpoints>
            <dragpoint identifier="1" name="shape7.dragpoint1" text="1" toShape="shape8" x="336.0" y="184.0">
              <linesegment length="0" name="shape7.dragpoint1.lineseg1" orient="horizontal" x="273.0" y="190.0"/>
              <linesegment length="0" name="shape7.dragpoint1.lineseg2" orient="vertical" x="273.0" y="190.0"/>
              <linesegment length="39" name="shape7.dragpoint1.lineseg3" orient="horizontal" x="273.0" y="190.0"/>
              <linesegment length="0" name="shape7.dragpoint1.lineseg4" orient="vertical" x="312.0" y="190.0"/>
              <linesegment label="1" length="24" name="shape7.dragpoint1.lineseg5" orient="horizontal" x="312.0" y="190.0"/>
            </dragpoint>
            <dragpoint identifier="2" name="shape7.dragpoint2" text="2" toShape="shape11" x="336.0" y="488.0">
              <linesegment length="0" name="shape7.dragpoint2.lineseg1" orient="horizontal" x="273.0" y="190.0"/>
              <linesegment length="0" name="shape7.dragpoint2.lineseg2" orient="vertical" x="273.0" y="190.0"/>
              <linesegment length="39" name="shape7.dragpoint2.lineseg3" orient="horizontal" x="273.0" y="190.0"/>
              <linesegment length="304" name="shape7.dragpoint2.lineseg4" orient="vertical" x="312.0" y="190.0"/>
              <linesegment label="2" length="24" name="shape7.dragpoint2.lineseg5" orient="horizontal" x="312.0" y="494.0"/>
            </dragpoint>
          </dragpoints>
        </shape>
        <shape image="decision_icon" name="shape8" shapetype="decision" userlabel="Send Files to Vendor?" x="352.0" y="176.0">
          <configuration>
            <decision comparison="equals" name="Send Files to Vendor?">
              <decisionvalue valueType="definedparameter">
                <definedprocessparameter componentId="795e769e-a9c3-442e-bff3-a96b04f9b531" componentName="EC372 - EC to NAVEX (OB)" propertyKey="9649296e-66e0-4bf8-9041-cd438ad4167b" propertyLabel="Send Output To Vendor ?"/>
              </decisionvalue>
              <decisionvalue valueType="static">
                <staticparameter staticproperty="true"/>
              </decisionvalue>
            </decision>
          </configuration>
          <dragpoints>
            <dragpoint identifier="true" name="shape8.dragpoint1" text="True" toShape="shape26" x="496.0" y="88.0">
              <linesegment length="0" name="shape8.dragpoint1.lineseg1" orient="horizontal" x="385.0" y="190.0"/>
              <linesegment length="0" name="shape8.dragpoint1.lineseg2" orient="vertical" x="385.0" y="190.0"/>
              <linesegment length="63" name="shape8.dragpoint1.lineseg3" orient="horizontal" x="385.0" y="190.0"/>
              <linesegment length="96" name="shape8.dragpoint1.lineseg4" orient="vertical" x="448.0" y="94.0"/>
              <linesegment label="True" length="48" name="shape8.dragpoint1.lineseg5" orient="horizontal" x="448.0" y="94.0"/>
            </dragpoint>
            <dragpoint identifier="false" name="shape8.dragpoint2" text="False" toShape="shape12" x="496.0" y="312.0">
              <linesegment length="0" name="shape8.dragpoint2.lineseg1" orient="horizontal" x="385.0" y="190.0"/>
              <linesegment length="0" name="shape8.dragpoint2.lineseg2" orient="vertical" x="385.0" y="190.0"/>
              <linesegment length="63" name="shape8.dragpoint2.lineseg3" orient="horizontal" x="385.0" y="190.0"/>
              <linesegment length="128" name="shape8.dragpoint2.lineseg4" orient="vertical" x="448.0" y="190.0"/>
              <linesegment label="False" length="48" name="shape8.dragpoint2.lineseg5" orient="horizontal" x="448.0" y="318.0"/>
            </dragpoint>
          </dragpoints>
        </shape>
        <shape image="catcherrors_icon" name="shape9" shapetype="catcherrors" userlabel="" x="896.0" y="176.0">
          <configuration>
            <catcherrors catchAll="true" retryCount="3"/>
          </configuration>
          <dragpoints>
            <dragpoint identifier="default" name="shape9.dragpoint1" text="Try" toShape="shape24" x="1120.0" y="184.0">
              <linesegment length="0" name="shape9.dragpoint1.lineseg1" orient="horizontal" x="929.0" y="190.0"/>
              <linesegment length="0" name="shape9.dragpoint1.lineseg2" orient="vertical" x="929.0" y="190.0"/>
              <linesegment length="103" name="shape9.dragpoint1.lineseg3" orient="horizontal" x="929.0" y="190.0"/>
              <linesegment length="0" name="shape9.dragpoint1.lineseg4" orient="vertical" x="1032.0" y="190.0"/>
              <linesegment label="Try" length="88" name="shape9.dragpoint1.lineseg5" orient="horizontal" x="1032.0" y="190.0"/>
            </dragpoint>
            <dragpoint identifier="error" name="shape9.dragpoint2" text="Catch" toShape="shape23" x="1040.0" y="72.0">
              <linesegment length="0" name="shape9.dragpoint2.lineseg1" orient="horizontal" x="929.0" y="190.0"/>
              <linesegment length="0" name="shape9.dragpoint2.lineseg2" orient="vertical" x="929.0" y="190.0"/>
              <linesegment length="63" name="shape9.dragpoint2.lineseg3" orient="horizontal" x="929.0" y="190.0"/>
              <linesegment length="112" name="shape9.dragpoint2.lineseg4" orient="vertical" x="992.0" y="78.0"/>
              <linesegment label="Catch" length="48" name="shape9.dragpoint2.lineseg5" orient="horizontal" x="992.0" y="78.0"/>
            </dragpoint>
          </dragpoints>
        </shape>
        <shape image="message_icon" name="shape10" shapetype="message" userlabel="Mail Body (Notification Message for Successful file Transfer to NAVEX)" x="896.0" y="320.0">
          <configuration>
            <message combined="false">
              <msgTxt>Hi Team,
File has been transferred  successfully from EC to NAVEX.
File Name: {1}
Execution Date: {2}
Thanks.</msgTxt>
              <msgParameters>
                <parametervalue key="0" valueType="process">
                  <processparameter processproperty="DPP_FileName" processpropertydefaultvalue=""/>
                </parametervalue>
                <parametervalue key="1" valueType="process">
                  <processparameter processproperty="EDATE" processpropertydefaultvalue=""/>
                </parametervalue>
              </msgParameters>
            </message>
          </configuration>
          <dragpoints>
            <dragpoint name="shape10.dragpoint1" toShape="shape17" x="1120.0" y="328.0">
              <linesegment length="0" name="shape10.dragpoint1.lineseg1" orient="horizontal" x="929.0" y="334.0"/>
              <linesegment length="0" name="shape10.dragpoint1.lineseg2" orient="vertical" x="929.0" y="334.0"/>
              <linesegment length="103" name="shape10.dragpoint1.lineseg3" orient="horizontal" x="929.0" y="334.0"/>
              <linesegment length="0" name="shape10.dragpoint1.lineseg4" orient="vertical" x="1032.0" y="334.0"/>
              <linesegment length="88" name="shape10.dragpoint1.lineseg5" orient="horizontal" x="1032.0" y="334.0"/>
            </dragpoint>
          </dragpoints>
        </shape>
        <shape image="decision_icon" name="shape11" shapetype="decision" userlabel="Send Files to Pepsico SFTP?" x="352.0" y="480.0">
          <configuration>
            <decision comparison="equals" name="Send Files to Pepsico SFTP?">
              <decisionvalue valueType="definedparameter">
                <definedprocessparameter componentId="795e769e-a9c3-442e-bff3-a96b04f9b531" componentName="EC372 - EC to NAVEX (OB)" propertyKey="b2157951-1c8b-4e53-96fe-70de4e1be1b3" propertyLabel="SendFilesToPepsoSFTP"/>
              </decisionvalue>
              <decisionvalue valueType="static">
                <staticparameter staticproperty="true"/>
              </decisionvalue>
            </decision>
          </configuration>
          <dragpoints>
            <dragpoint identifier="true" name="shape11.dragpoint1" text="True" toShape="shape13" x="512.0" y="488.0">
              <linesegment length="0" name="shape11.dragpoint1.lineseg1" orient="horizontal" x="385.0" y="494.0"/>
              <linesegment length="0" name="shape11.dragpoint1.lineseg2" orient="vertical" x="385.0" y="494.0"/>
              <linesegment length="71" name="shape11.dragpoint1.lineseg3" orient="horizontal" x="385.0" y="494.0"/>
              <linesegment length="0" name="shape11.dragpoint1.lineseg4" orient="vertical" x="456.0" y="494.0"/>
              <linesegment label="True" length="56" name="shape11.dragpoint1.lineseg5" orient="horizontal" x="456.0" y="494.0"/>
            </dragpoint>
            <dragpoint identifier="false" name="shape11.dragpoint2" text="False" toShape="shape12" x="496.0" y="312.0">
              <linesegment length="0" name="shape11.dragpoint2.lineseg1" orient="horizontal" x="385.0" y="494.0"/>
              <linesegment length="0" name="shape11.dragpoint2.lineseg2" orient="vertical" x="385.0" y="494.0"/>
              <linesegment length="63" name="shape11.dragpoint2.lineseg3" orient="horizontal" x="385.0" y="494.0"/>
              <linesegment length="176" name="shape11.dragpoint2.lineseg4" orient="vertical" x="448.0" y="318.0"/>
              <linesegment label="False" length="48" name="shape11.dragpoint2.lineseg5" orient="horizontal" x="448.0" y="318.0"/>
            </dragpoint>
          </dragpoints>
        </shape>
        <shape image="stop_icon" name="shape12" shapetype="stop" userlabel="" x="512.0" y="304.0">
          <configuration>
            <stop continue="true"/>
          </configuration>
          <dragpoints/>
        </shape>
        <shape image="decision_icon" name="shape13" shapetype="decision" userlabel="Encrypt Archive File" x="528.0" y="480.0">
          <configuration>
            <decision comparison="equals" name="Encrypt Archive File">
              <decisionvalue valueType="definedparameter">
                <definedprocessparameter componentId="795e769e-a9c3-442e-bff3-a96b04f9b531" componentName="EC372 - EC to NAVEX (OB)" propertyKey="60304a50-7a2a-412a-932c-db44d28dbdc4" propertyLabel="Encrypt Archive File"/>
              </decisionvalue>
              <decisionvalue valueType="static">
                <staticparameter staticproperty="Yes"/>
              </decisionvalue>
            </decision>
          </configuration>
          <dragpoints>
            <dragpoint identifier="true" name="shape13.dragpoint1" text="True" toShape="shape2" x="592.0" y="408.0">
              <linesegment length="0" name="shape13.dragpoint1.lineseg1" orient="horizontal" x="561.0" y="494.0"/>
              <linesegment length="0" name="shape13.dragpoint1.lineseg2" orient="vertical" x="561.0" y="494.0"/>
              <linesegment length="23" name="shape13.dragpoint1.lineseg3" orient="horizontal" x="561.0" y="494.0"/>
              <linesegment length="80" name="shape13.dragpoint1.lineseg4" orient="vertical" x="584.0" y="414.0"/>
              <linesegment label="True" length="8" name="shape13.dragpoint1.lineseg5" orient="horizontal" x="584.0" y="414.0"/>
            </dragpoint>
            <dragpoint identifier="false" name="shape13.dragpoint2" text="False" toShape="shape4" x="720.0" y="488.0">
              <linesegment length="0" name="shape13.dragpoint2.lineseg1" orient="horizontal" x="561.0" y="494.0"/>
              <linesegment length="0" name="shape13.dragpoint2.lineseg2" orient="vertical" x="561.0" y="494.0"/>
              <linesegment length="87" name="shape13.dragpoint2.lineseg3" orient="horizontal" x="561.0" y="494.0"/>
              <linesegment length="0" name="shape13.dragpoint2.lineseg4" orient="vertical" x="648.0" y="494.0"/>
              <linesegment label="False" length="72" name="shape13.dragpoint2.lineseg5" orient="horizontal" x="648.0" y="494.0"/>
            </dragpoint>
          </dragpoints>
        </shape>
        <shape image="exception_icon" name="shape15" shapetype="exception" userlabel="Exception in Pepsi SFTP (File Archive)" x="1040.0" y="592.0">
          <configuration>
            <exception stopsingledoc="false" title="">
              <exMessage>{1}</exMessage>
              <exParameters>
                <parametervalue key="0" valueType="track">
                  <trackparameter defaultValue="" propertyId="meta.base.catcherrorsmessage" propertyName="Base - Try/Catch Message"/>
                </parametervalue>
              </exParameters>
            </exception>
          </configuration>
          <dragpoints/>
        </shape>
        <shape image="catcherrors_icon" name="shape18" shapetype="catcherrors" userlabel="" x="1296.0" y="320.0">
          <configuration>
            <catcherrors catchAll="true" retryCount="2"/>
          </configuration>
          <dragpoints>
            <dragpoint identifier="default" name="shape18.dragpoint1" text="Try" toShape="shape16" x="1456.0" y="296.0">
              <linesegment length="0" name="shape18.dragpoint1.lineseg1" orient="horizontal" x="1329.0" y="334.0"/>
              <linesegment length="0" name="shape18.dragpoint1.lineseg2" orient="vertical" x="1329.0" y="334.0"/>
              <linesegment length="71" name="shape18.dragpoint1.lineseg3" orient="horizontal" x="1329.0" y="334.0"/>
              <linesegment length="32" name="shape18.dragpoint1.lineseg4" orient="vertical" x="1400.0" y="302.0"/>
              <linesegment label="Try" length="56" name="shape18.dragpoint1.lineseg5" orient="horizontal" x="1400.0" y="302.0"/>
            </dragpoint>
            <dragpoint identifier="error" name="shape18.dragpoint2" text="Catch" toShape="shape19" x="1456.0" y="424.0">
              <linesegment length="0" name="shape18.dragpoint2.lineseg1" orient="horizontal" x="1329.0" y="334.0"/>
              <linesegment length="0" name="shape18.dragpoint2.lineseg2" orient="vertical" x="1329.0" y="334.0"/>
              <linesegment length="71" name="shape18.dragpoint2.lineseg3" orient="horizontal" x="1329.0" y="334.0"/>
              <linesegment length="96" name="shape18.dragpoint2.lineseg4" orient="vertical" x="1400.0" y="334.0"/>
              <linesegment label="Catch" length="56" name="shape18.dragpoint2.lineseg5" orient="horizontal" x="1400.0" y="430.0"/>
            </dragpoint>
          </dragpoints>
        </shape>
        <shape image="stop_icon" name="shape20" shapetype="stop" userlabel="" x="1600.0" y="288.0">
          <configuration>
            <stop continue="true"/>
          </configuration>
          <dragpoints/>
        </shape>
        <shape image="connectoraction_icon" name="shape16" shapetype="connectoraction" userlabel="" x="1472.0" y="288.0">
          <configuration>
            <connectoraction actionType="Send" connectionId="f2cafa9e-8850-4b68-b857-d4ee5a1c8b98" connectorType="mail" hideSettings="false" operationId="0ad0a6cc-c176-4361-83c7-57adef5d0183">
              <parameters/>
            </connectoraction>
          </configuration>
          <dragpoints>
            <dragpoint name="shape16.dragpoint1" toShape="shape20" x="1584.0" y="296.0">
              <linesegment length="0" name="shape16.dragpoint1.lineseg1" orient="horizontal" x="1505.0" y="302.0"/>
              <linesegment length="0" name="shape16.dragpoint1.lineseg2" orient="vertical" x="1505.0" y="302.0"/>
              <linesegment length="47" name="shape16.dragpoint1.lineseg3" orient="horizontal" x="1505.0" y="302.0"/>
              <linesegment length="0" name="shape16.dragpoint1.lineseg4" orient="vertical" x="1552.0" y="302.0"/>
              <linesegment length="32" name="shape16.dragpoint1.lineseg5" orient="horizontal" x="1552.0" y="302.0"/>
            </dragpoint>
          </dragpoints>
        </shape>
        <shape image="documentproperties_icon" name="shape17" shapetype="documentproperties" userlabel="Set Mail Properties for successful file transfer" x="1136.0" y="320.0">
          <configuration>
            <documentproperties>
              <documentproperty defaultValue="" isTradingPartner="false" name="Mail - From Address" persist="false" propertyId="connector.mail.fromAddress">
                <sourcevalues>
                  <parametervalue key="1" valueType="definedparameter">
                    <definedprocessparameter componentId="795e769e-a9c3-442e-bff3-a96b04f9b531" componentName="EC372 - EC to NAVEX (OB)" propertyKey="9a653915-1d4f-464a-b613-f20c8958f652" propertyLabel="fromEmailAddressForSuccess"/>
                  </parametervalue>
                </sourcevalues>
              </documentproperty>
              <documentproperty defaultValue="" isTradingPartner="false" name="Mail - To Address" persist="false" propertyId="connector.mail.toAddress">
                <sourcevalues>
                  <parametervalue key="2" valueType="definedparameter">
                    <definedprocessparameter componentId="795e769e-a9c3-442e-bff3-a96b04f9b531" componentName="EC372 - EC to NAVEX (OB)" propertyKey="e6c11e22-d87f-4570-975b-f39b8012be6e" propertyLabel="toEmailAddressForSuccess"/>
                  </parametervalue>
                </sourcevalues>
              </documentproperty>
              <documentproperty defaultValue="" isTradingPartner="false" name="Mail - Subject" persist="false" propertyId="connector.mail.subject">
                <sourcevalues>
                  <parametervalue key="3" valueType="static">
                    <staticparameter staticproperty="EC372-EC to NAVEX (O/B) - Successful file transfer Alert"/>
                  </parametervalue>
                </sourcevalues>
              </documentproperty>
              <documentproperty defaultValue="" isTradingPartner="false" name="Mail - Body" persist="false" propertyId="connector.mail.body">
                <sourcevalues>
                  <parametervalue key="4" valueType="current"/>
                </sourcevalues>
              </documentproperty>
            </documentproperties>
          </configuration>
          <dragpoints>
            <dragpoint name="shape17.dragpoint1" toShape="shape18" x="1280.0" y="328.0">
              <linesegment length="0" name="shape17.dragpoint1.lineseg1" orient="horizontal" x="1169.0" y="334.0"/>
              <linesegment length="0" name="shape17.dragpoint1.lineseg2" orient="vertical" x="1169.0" y="334.0"/>
              <linesegment length="63" name="shape17.dragpoint1.lineseg3" orient="horizontal" x="1169.0" y="334.0"/>
              <linesegment length="0" name="shape17.dragpoint1.lineseg4" orient="vertical" x="1232.0" y="334.0"/>
              <linesegment length="48" name="shape17.dragpoint1.lineseg5" orient="horizontal" x="1232.0" y="334.0"/>
            </dragpoint>
          </dragpoints>
        </shape>
        <shape image="stop_icon" name="shape19" shapetype="stop" userlabel="" x="1472.0" y="416.0">
          <configuration>
            <stop continue="true"/>
          </configuration>
          <dragpoints/>
        </shape>
        <shape image="connectoraction_icon" name="shape21" shapetype="connectoraction" userlabel="" x="1088.0" y="480.0">
          <configuration>
            <connectoraction actionType="Send" connectionId="7dcc0c4e-b199-4ed8-a426-7641c92096f3" connectorType="sftp" hideSettings="false" operationId="26d80be8-bc3e-4f78-b113-4c6bc769d1eb">
              <parameters/>
            </connectoraction>
          </configuration>
          <dragpoints>
            <dragpoint name="shape21.dragpoint1" toShape="shape22" x="1216.0" y="488.0">
              <linesegment length="0" name="shape21.dragpoint1.lineseg1" orient="horizontal" x="1121.0" y="494.0"/>
              <linesegment length="0" name="shape21.dragpoint1.lineseg2" orient="vertical" x="1121.0" y="494.0"/>
              <linesegment length="55" name="shape21.dragpoint1.lineseg3" orient="horizontal" x="1121.0" y="494.0"/>
              <linesegment length="0" name="shape21.dragpoint1.lineseg4" orient="vertical" x="1176.0" y="494.0"/>
              <linesegment length="40" name="shape21.dragpoint1.lineseg5" orient="horizontal" x="1176.0" y="494.0"/>
            </dragpoint>
          </dragpoints>
        </shape>
        <shape image="stop_icon" name="shape22" shapetype="stop" userlabel="" x="1232.0" y="480.0">
          <configuration>
            <stop continue="true"/>
          </configuration>
          <dragpoints/>
        </shape>
        <shape image="exception_icon" name="shape23" shapetype="exception" userlabel="Exception in NAVEX SFTP " x="1056.0" y="64.0">
          <configuration>
            <exception stopProcessReturnSingleDoc="false" stopsingledoc="false" title="">
              <exMessage>{1}</exMessage>
              <exParameters>
                <parametervalue key="0" valueType="track">
                  <trackparameter defaultValue="" propertyId="meta.base.catcherrorsmessage" propertyName="Base - Try/Catch Message"/>
                </parametervalue>
              </exParameters>
            </exception>
          </configuration>
          <dragpoints/>
        </shape>
        <shape image="connectoraction_icon" name="shape24" shapetype="connectoraction" userlabel="" x="1136.0" y="176.0">
          <configuration>
            <connectoraction actionType="Send" connectionId="1d5ad09d-333d-4fca-90b6-a563c76961fe" connectorType="sftp" hideSettings="false" operationId="5d0df025-15d8-4bc4-a75a-a5af628f527a">
              <parameters/>
            </connectoraction>
          </configuration>
          <dragpoints>
            <dragpoint name="shape24.dragpoint1" toShape="shape25" x="1280.0" y="184.0">
              <linesegment length="0" name="shape24.dragpoint1.lineseg1" orient="horizontal" x="1169.0" y="190.0"/>
              <linesegment length="0" name="shape24.dragpoint1.lineseg2" orient="vertical" x="1169.0" y="190.0"/>
              <linesegment length="63" name="shape24.dragpoint1.lineseg3" orient="horizontal" x="1169.0" y="190.0"/>
              <linesegment length="0" name="shape24.dragpoint1.lineseg4" orient="vertical" x="1232.0" y="190.0"/>
              <linesegment length="48" name="shape24.dragpoint1.lineseg5" orient="horizontal" x="1232.0" y="190.0"/>
            </dragpoint>
          </dragpoints>
        </shape>
        <shape image="stop_icon" name="shape25" shapetype="stop" userlabel="" x="1296.0" y="176.0">
          <configuration>
            <stop continue="true"/>
          </configuration>
          <dragpoints/>
        </shape>
        <shape image="dataprocess_icon" name="shape26" shapetype="dataprocess" userlabel="PGP Encryption" x="512.0" y="80.0">
          <configuration>
            <dataprocess>
              <step index="1" key="1" name="PGP Encrypt" processtype="2">
                <dataprocesspgpencrypt clearSign="true" connectorType="" encryptalias="d0c6be56-2fd3-454e-8aa0-22fa190c97a9" queuesecurity="encrypted"/>
              </step>
            </dataprocess>
          </configuration>
          <dragpoints>
            <dragpoint name="shape26.dragpoint1" toShape="shape3" x="576.0" y="184.0">
              <linesegment length="0" name="shape26.dragpoint1.lineseg1" orient="horizontal" x="545.0" y="94.0"/>
              <linesegment length="0" name="shape26.dragpoint1.lineseg2" orient="vertical" x="545.0" y="94.0"/>
              <linesegment length="23" name="shape26.dragpoint1.lineseg3" orient="horizontal" x="545.0" y="94.0"/>
              <linesegment length="96" name="shape26.dragpoint1.lineseg4" orient="vertical" x="568.0" y="94.0"/>
              <linesegment length="8" name="shape26.dragpoint1.lineseg5" orient="horizontal" x="568.0" y="190.0"/>
            </dragpoint>
          </dragpoints>
        </shape>
      </shapes>
    </process>
  </bns:object>
  <bns:processOverrides/>
</bns:Component>