<?xml version="1.0" ?>
<shape image="branch_icon" name="shape7" shapetype="branch" userlabel="" x="240.0" y="176.0">
  <configuration>
    <branch numBranches="2"/>
  </configuration>
  <dragpoints>
    <dragpoint identifier="1" name="shape7.dragpoint1" text="1" toShape="shape8" x="336.0" y="184.0">
      <linesegment length="0" name="shape7.dragpoint1.lineseg1" orient="horizontal" x="273.0" y="190.0"/>
      <linesegment length="0" name="shape7.dragpoint1.lineseg2" orient="vertical" x="273.0" y="190.0"/>
      <linesegment length="39" name="shape7.dragpoint1.lineseg3" orient="horizontal" x="273.0" y="190.0"/>
      <linesegment length="0" name="shape7.dragpoint1.lineseg4" orient="vertical" x="312.0" y="190.0"/>
      <linesegment label="1" length="24" name="shape7.dragpoint1.lineseg5" orient="horizontal" x="312.0" y="190.0"/>
    </dragpoint>
    <dragpoint identifier="2" name="shape7.dragpoint2" text="2" toShape="shape11" x="336.0" y="488.0">
      <linesegment length="0" name="shape7.dragpoint2.lineseg1" orient="horizontal" x="273.0" y="190.0"/>
      <linesegment length="0" name="shape7.dragpoint2.lineseg2" orient="vertical" x="273.0" y="190.0"/>
      <linesegment length="39" name="shape7.dragpoint2.lineseg3" orient="horizontal" x="273.0" y="190.0"/>
      <linesegment length="304" name="shape7.dragpoint2.lineseg4" orient="vertical" x="312.0" y="190.0"/>
      <linesegment label="2" length="24" name="shape7.dragpoint2.lineseg5" orient="horizontal" x="312.0" y="494.0"/>
    </dragpoint>
  </dragpoints>
</shape>