<?xml version="1.0" ?>
<shape image="dataprocess_icon" name="shape26" shapetype="dataprocess" userlabel="PGP Encryption" x="512.0" y="80.0">
  <configuration>
    <dataprocess>
      <step index="1" key="1" name="PGP Encrypt" processtype="2">
        <dataprocesspgpencrypt clearSign="true" connectorType="" encryptalias="d0c6be56-2fd3-454e-8aa0-22fa190c97a9" queuesecurity="encrypted"/>
      </step>
    </dataprocess>
  </configuration>
  <dragpoints>
    <dragpoint name="shape26.dragpoint1" toShape="shape3" x="576.0" y="184.0">
      <linesegment length="0" name="shape26.dragpoint1.lineseg1" orient="horizontal" x="545.0" y="94.0"/>
      <linesegment length="0" name="shape26.dragpoint1.lineseg2" orient="vertical" x="545.0" y="94.0"/>
      <linesegment length="23" name="shape26.dragpoint1.lineseg3" orient="horizontal" x="545.0" y="94.0"/>
      <linesegment length="96" name="shape26.dragpoint1.lineseg4" orient="vertical" x="568.0" y="94.0"/>
      <linesegment length="8" name="shape26.dragpoint1.lineseg5" orient="horizontal" x="568.0" y="190.0"/>
    </dragpoint>
  </dragpoints>
</shape>