<?xml version="1.0" ?>
<shape image="documentproperties_icon" name="shape3" shapetype="documentproperties" userlabel="Set NAVEX Directory" x="592.0" y="176.0">
  <configuration>
    <documentproperties>
      <documentproperty defaultValue="" isTradingPartner="false" name="SFTP - Remote Directory" persist="false" propertyId="connector.sftp.remoteDirectory">
        <sourcevalues>
          <parametervalue key="1" valueType="definedparameter">
            <definedprocessparameter componentId="795e769e-a9c3-442e-bff3-a96b04f9b531" componentName="EC372 - EC to NAVEX (OB)" propertyKey="729bf863-ed8a-4863-85e7-f6a69f337c8b" propertyLabel="NAVEXSFTPDirectory"/>
          </parametervalue>
        </sourcevalues>
      </documentproperty>
    </documentproperties>
  </configuration>
  <dragpoints>
    <dragpoint name="shape3.dragpoint1" toShape="shape6" x="720.0" y="184.0">
      <linesegment length="0" name="shape3.dragpoint1.lineseg1" orient="horizontal" x="625.0" y="190.0"/>
      <linesegment length="0" name="shape3.dragpoint1.lineseg2" orient="vertical" x="625.0" y="190.0"/>
      <linesegment length="55" name="shape3.dragpoint1.lineseg3" orient="horizontal" x="625.0" y="190.0"/>
      <linesegment length="0" name="shape3.dragpoint1.lineseg4" orient="vertical" x="680.0" y="190.0"/>
      <linesegment length="40" name="shape3.dragpoint1.lineseg5" orient="horizontal" x="680.0" y="190.0"/>
    </dragpoint>
  </dragpoints>
</shape>