<?xml version="1.0" ?>
<shape image="branch_icon" name="shape6" shapetype="branch" userlabel="" x="736.0" y="176.0">
  <configuration>
    <branch numBranches="2"/>
  </configuration>
  <dragpoints>
    <dragpoint identifier="1" name="shape6.dragpoint1" text="1" toShape="shape9" x="880.0" y="184.0">
      <linesegment length="0" name="shape6.dragpoint1.lineseg1" orient="horizontal" x="769.0" y="190.0"/>
      <linesegment length="0" name="shape6.dragpoint1.lineseg2" orient="vertical" x="769.0" y="190.0"/>
      <linesegment length="63" name="shape6.dragpoint1.lineseg3" orient="horizontal" x="769.0" y="190.0"/>
      <linesegment length="0" name="shape6.dragpoint1.lineseg4" orient="vertical" x="832.0" y="190.0"/>
      <linesegment label="1" length="48" name="shape6.dragpoint1.lineseg5" orient="horizontal" x="832.0" y="190.0"/>
    </dragpoint>
    <dragpoint identifier="2" name="shape6.dragpoint2" text="2" toShape="shape10" x="880.0" y="328.0">
      <linesegment length="0" name="shape6.dragpoint2.lineseg1" orient="horizontal" x="769.0" y="190.0"/>
      <linesegment length="0" name="shape6.dragpoint2.lineseg2" orient="vertical" x="769.0" y="190.0"/>
      <linesegment length="63" name="shape6.dragpoint2.lineseg3" orient="horizontal" x="769.0" y="190.0"/>
      <linesegment length="144" name="shape6.dragpoint2.lineseg4" orient="vertical" x="832.0" y="190.0"/>
      <linesegment label="2" length="48" name="shape6.dragpoint2.lineseg5" orient="horizontal" x="832.0" y="334.0"/>
    </dragpoint>
  </dragpoints>
</shape>