<?xml version="1.0" ?>
<shape image="exception_icon" name="shape23" shapetype="exception" userlabel="Exception in NAVEX SFTP " x="1056.0" y="64.0">
  <configuration>
    <exception stopProcessReturnSingleDoc="false" stopsingledoc="false" title="">
      <exMessage>{1}</exMessage>
      <exParameters>
        <parametervalue key="0" valueType="track">
          <trackparameter defaultValue="" propertyId="meta.base.catcherrorsmessage" propertyName="Base - Try/Catch Message"/>
        </parametervalue>
      </exParameters>
    </exception>
  </configuration>
  <dragpoints/>
</shape>