<?xml version="1.0" ?>
<shape image="documentproperties_icon" name="shape17" shapetype="documentproperties" userlabel="Set Mail Properties for successful file transfer" x="1136.0" y="320.0">
  <configuration>
    <documentproperties>
      <documentproperty defaultValue="" isTradingPartner="false" name="Mail - From Address" persist="false" propertyId="connector.mail.fromAddress">
        <sourcevalues>
          <parametervalue key="1" valueType="definedparameter">
            <definedprocessparameter componentId="795e769e-a9c3-442e-bff3-a96b04f9b531" componentName="EC372 - EC to NAVEX (OB)" propertyKey="9a653915-1d4f-464a-b613-f20c8958f652" propertyLabel="fromEmailAddressForSuccess"/>
          </parametervalue>
        </sourcevalues>
      </documentproperty>
      <documentproperty defaultValue="" isTradingPartner="false" name="Mail - To Address" persist="false" propertyId="connector.mail.toAddress">
        <sourcevalues>
          <parametervalue key="2" valueType="definedparameter">
            <definedprocessparameter componentId="795e769e-a9c3-442e-bff3-a96b04f9b531" componentName="EC372 - EC to NAVEX (OB)" propertyKey="e6c11e22-d87f-4570-975b-f39b8012be6e" propertyLabel="toEmailAddressForSuccess"/>
          </parametervalue>
        </sourcevalues>
      </documentproperty>
      <documentproperty defaultValue="" isTradingPartner="false" name="Mail - Subject" persist="false" propertyId="connector.mail.subject">
        <sourcevalues>
          <parametervalue key="3" valueType="static">
            <staticparameter staticproperty="EC372-EC to NAVEX (O/B) - Successful file transfer Alert"/>
          </parametervalue>
        </sourcevalues>
      </documentproperty>
      <documentproperty defaultValue="" isTradingPartner="false" name="Mail - Body" persist="false" propertyId="connector.mail.body">
        <sourcevalues>
          <parametervalue key="4" valueType="current"/>
        </sourcevalues>
      </documentproperty>
    </documentproperties>
  </configuration>
  <dragpoints>
    <dragpoint name="shape17.dragpoint1" toShape="shape18" x="1280.0" y="328.0">
      <linesegment length="0" name="shape17.dragpoint1.lineseg1" orient="horizontal" x="1169.0" y="334.0"/>
      <linesegment length="0" name="shape17.dragpoint1.lineseg2" orient="vertical" x="1169.0" y="334.0"/>
      <linesegment length="63" name="shape17.dragpoint1.lineseg3" orient="horizontal" x="1169.0" y="334.0"/>
      <linesegment length="0" name="shape17.dragpoint1.lineseg4" orient="vertical" x="1232.0" y="334.0"/>
      <linesegment length="48" name="shape17.dragpoint1.lineseg5" orient="horizontal" x="1232.0" y="334.0"/>
    </dragpoint>
  </dragpoints>
</shape>