<?xml version="1.0" ?>
<shape image="catcherrors_icon" name="shape18" shapetype="catcherrors" userlabel="" x="1296.0" y="320.0">
  <configuration>
    <catcherrors catchAll="true" retryCount="2"/>
  </configuration>
  <dragpoints>
    <dragpoint identifier="default" name="shape18.dragpoint1" text="Try" toShape="shape16" x="1456.0" y="296.0">
      <linesegment length="0" name="shape18.dragpoint1.lineseg1" orient="horizontal" x="1329.0" y="334.0"/>
      <linesegment length="0" name="shape18.dragpoint1.lineseg2" orient="vertical" x="1329.0" y="334.0"/>
      <linesegment length="71" name="shape18.dragpoint1.lineseg3" orient="horizontal" x="1329.0" y="334.0"/>
      <linesegment length="32" name="shape18.dragpoint1.lineseg4" orient="vertical" x="1400.0" y="302.0"/>
      <linesegment label="Try" length="56" name="shape18.dragpoint1.lineseg5" orient="horizontal" x="1400.0" y="302.0"/>
    </dragpoint>
    <dragpoint identifier="error" name="shape18.dragpoint2" text="Catch" toShape="shape19" x="1456.0" y="424.0">
      <linesegment length="0" name="shape18.dragpoint2.lineseg1" orient="horizontal" x="1329.0" y="334.0"/>
      <linesegment length="0" name="shape18.dragpoint2.lineseg2" orient="vertical" x="1329.0" y="334.0"/>
      <linesegment length="71" name="shape18.dragpoint2.lineseg3" orient="horizontal" x="1329.0" y="334.0"/>
      <linesegment length="96" name="shape18.dragpoint2.lineseg4" orient="vertical" x="1400.0" y="334.0"/>
      <linesegment label="Catch" length="56" name="shape18.dragpoint2.lineseg5" orient="horizontal" x="1400.0" y="430.0"/>
    </dragpoint>
  </dragpoints>
</shape>