<?xml version="1.0" ?>
<shape image="decision_icon" name="shape11" shapetype="decision" userlabel="Send Files to Pepsico SFTP?" x="352.0" y="480.0">
  <configuration>
    <decision comparison="equals" name="Send Files to Pepsico SFTP?">
      <decisionvalue valueType="definedparameter">
        <definedprocessparameter componentId="795e769e-a9c3-442e-bff3-a96b04f9b531" componentName="EC372 - EC to NAVEX (OB)" propertyKey="b2157951-1c8b-4e53-96fe-70de4e1be1b3" propertyLabel="SendFilesToPepsoSFTP"/>
      </decisionvalue>
      <decisionvalue valueType="static">
        <staticparameter staticproperty="true"/>
      </decisionvalue>
    </decision>
  </configuration>
  <dragpoints>
    <dragpoint identifier="true" name="shape11.dragpoint1" text="True" toShape="shape13" x="512.0" y="488.0">
      <linesegment length="0" name="shape11.dragpoint1.lineseg1" orient="horizontal" x="385.0" y="494.0"/>
      <linesegment length="0" name="shape11.dragpoint1.lineseg2" orient="vertical" x="385.0" y="494.0"/>
      <linesegment length="71" name="shape11.dragpoint1.lineseg3" orient="horizontal" x="385.0" y="494.0"/>
      <linesegment length="0" name="shape11.dragpoint1.lineseg4" orient="vertical" x="456.0" y="494.0"/>
      <linesegment label="True" length="56" name="shape11.dragpoint1.lineseg5" orient="horizontal" x="456.0" y="494.0"/>
    </dragpoint>
    <dragpoint identifier="false" name="shape11.dragpoint2" text="False" toShape="shape12" x="496.0" y="312.0">
      <linesegment length="0" name="shape11.dragpoint2.lineseg1" orient="horizontal" x="385.0" y="494.0"/>
      <linesegment length="0" name="shape11.dragpoint2.lineseg2" orient="vertical" x="385.0" y="494.0"/>
      <linesegment length="63" name="shape11.dragpoint2.lineseg3" orient="horizontal" x="385.0" y="494.0"/>
      <linesegment length="176" name="shape11.dragpoint2.lineseg4" orient="vertical" x="448.0" y="318.0"/>
      <linesegment label="False" length="48" name="shape11.dragpoint2.lineseg5" orient="horizontal" x="448.0" y="318.0"/>
    </dragpoint>
  </dragpoints>
</shape>