<?xml version="1.0" ?>
<shape image="documentproperties_icon" name="shape4" shapetype="documentproperties" userlabel="Set Remote Directory for Archive file" x="736.0" y="480.0">
  <configuration>
    <documentproperties>
      <documentproperty defaultValue="" isTradingPartner="false" name="SFTP - Remote Directory" persist="false" propertyId="connector.sftp.remoteDirectory">
        <sourcevalues>
          <parametervalue key="1" valueType="definedparameter">
            <definedprocessparameter componentId="795e769e-a9c3-442e-bff3-a96b04f9b531" componentName="EC372 - EC to NAVEX (OB)" propertyKey="6c4f4625-a39d-4368-b986-85499c5dd7d2" propertyLabel="Archive path on SFTP server"/>
          </parametervalue>
        </sourcevalues>
      </documentproperty>
    </documentproperties>
  </configuration>
  <dragpoints>
    <dragpoint name="shape4.dragpoint1" toShape="shape5" x="816.0" y="488.0">
      <linesegment length="0" name="shape4.dragpoint1.lineseg1" orient="horizontal" x="769.0" y="494.0"/>
      <linesegment length="0" name="shape4.dragpoint1.lineseg2" orient="vertical" x="769.0" y="494.0"/>
      <linesegment length="31" name="shape4.dragpoint1.lineseg3" orient="horizontal" x="769.0" y="494.0"/>
      <linesegment length="0" name="shape4.dragpoint1.lineseg4" orient="vertical" x="800.0" y="494.0"/>
      <linesegment length="16" name="shape4.dragpoint1.lineseg5" orient="horizontal" x="800.0" y="494.0"/>
    </dragpoint>
  </dragpoints>
</shape>