<?xml version="1.0" ?>
<shape image="catcherrors_icon" name="shape5" shapetype="catcherrors" userlabel="" x="832.0" y="480.0">
  <configuration>
    <catcherrors catchAll="true" retryCount="3"/>
  </configuration>
  <dragpoints>
    <dragpoint identifier="default" name="shape5.dragpoint1" text="Try" toShape="shape21" x="1072.0" y="488.0">
      <linesegment length="0" name="shape5.dragpoint1.lineseg1" orient="horizontal" x="865.0" y="494.0"/>
      <linesegment length="0" name="shape5.dragpoint1.lineseg2" orient="vertical" x="865.0" y="494.0"/>
      <linesegment length="111" name="shape5.dragpoint1.lineseg3" orient="horizontal" x="865.0" y="494.0"/>
      <linesegment length="0" name="shape5.dragpoint1.lineseg4" orient="vertical" x="976.0" y="494.0"/>
      <linesegment label="Try" length="96" name="shape5.dragpoint1.lineseg5" orient="horizontal" x="976.0" y="494.0"/>
    </dragpoint>
    <dragpoint identifier="error" name="shape5.dragpoint2" text="Catch" toShape="shape15" x="1024.0" y="600.0">
      <linesegment length="0" name="shape5.dragpoint2.lineseg1" orient="horizontal" x="865.0" y="494.0"/>
      <linesegment length="0" name="shape5.dragpoint2.lineseg2" orient="vertical" x="865.0" y="494.0"/>
      <linesegment length="87" name="shape5.dragpoint2.lineseg3" orient="horizontal" x="865.0" y="494.0"/>
      <linesegment length="112" name="shape5.dragpoint2.lineseg4" orient="vertical" x="952.0" y="494.0"/>
      <linesegment label="Catch" length="72" name="shape5.dragpoint2.lineseg5" orient="horizontal" x="952.0" y="606.0"/>
    </dragpoint>
  </dragpoints>
</shape>