<?xml version="1.0" ?>
<shape image="exception_icon" name="shape15" shapetype="exception" userlabel="Exception in Pepsi SFTP (File Archive)" x="1040.0" y="592.0">
  <configuration>
    <exception stopsingledoc="false" title="">
      <exMessage>{1}</exMessage>
      <exParameters>
        <parametervalue key="0" valueType="track">
          <trackparameter defaultValue="" propertyId="meta.base.catcherrorsmessage" propertyName="Base - Try/Catch Message"/>
        </parametervalue>
      </exParameters>
    </exception>
  </configuration>
  <dragpoints/>
</shape>