<?xml version="1.0" ?>
<bns:Component xmlns:xsi="http://www.w3.org/2001/XMLSchema-instance" xmlns:bns="http://api.platform.boomi.com/" folderFullPath="PepsiCo/2.0 Development/2.1 Global Integrations/EC372 - EC to NAVEX (OB)" componentId="4fef22a1-66b8-4874-bab0-74afe13bed36" version="83" name="Sub: Extract Data" type="process" createdDate="2018-04-11T09:20:21Z" createdBy="Deep.Singh.Chauhan@accenture.com" modifiedDate="2024-08-29T11:10:08Z" modifiedBy="bittu.kumar.contractor@pepsico.com" deleted="false" currentVersion="true" folderName="EC372 - EC to NAVEX (OB)" folderId="RjoxOTM3OTEx" branchName="main" branchId="QjoyOTk5NDY">
  <bns:encryptedValues/>
  <bns:description/>
  <bns:object>
    <process xmlns="" allowSimultaneous="false" enableUserLog="false" processLogOnErrorOnly="false" purgeDataImmediately="false" updateRunDates="false" workload="general">
      <shapes>
        <shape image="start" name="shape1" shapetype="start" userlabel="Start" x="64.0" y="240.0">
          <configuration>
            <passthroughaction/>
          </configuration>
          <dragpoints>
            <dragpoint name="shape1.dragpoint1" toShape="shape3" x="160.0" y="248.0"/>
          </dragpoints>
        </shape>
        <shape image="connectoraction_icon" name="shape2" shapetype="connectoraction" userlabel="" x="319.0" y="240.0">
          <configuration>
            <connectoraction actionType="QUERY" connectionId="8748a325-5df6-46f4-a828-4f9e1d5e4398" connectorType="successfactorsmaster-Q2Q93V-SFSF-priv_prod" hideSettings="false" operationId="7d3dbaf9-b9f0-4700-810f-df85841cb4b6" parameter-profile="EMBEDDED|genericparameterchooser|7d3dbaf9-b9f0-4700-810f-df85841cb4b6">
              <parameters/>
            </connectoraction>
          </configuration>
          <dragpoints>
            <dragpoint name="shape2.dragpoint1" toShape="shape5" x="511.0" y="248.0"/>
          </dragpoints>
        </shape>
        <shape image="branch_icon" name="shape3" shapetype="branch" userlabel="" x="176.0" y="240.0">
          <configuration>
            <branch numBranches="2"/>
          </configuration>
          <dragpoints>
            <dragpoint identifier="1" name="shape3.dragpoint1" text="1" toShape="shape4" x="303.0" y="104.0"/>
            <dragpoint identifier="2" name="shape3.dragpoint2" text="2" toShape="shape2" x="304.0" y="248.0"/>
          </dragpoints>
        </shape>
        <shape image="processcall_icon" name="shape4" shapetype="processcall" userlabel="" x="319.0" y="96.0">
          <configuration>
            <processcall abort="true" processId="6c7ea9bb-2cf1-4e2b-8729-d8d74fbb48d8" wait="true">
              <parameters/>
              <returnpaths/>
            </processcall>
          </configuration>
          <dragpoints/>
        </shape>
        <shape image="processcall_icon" name="shape5" shapetype="processcall" userlabel="" x="527.0" y="240.0">
          <configuration>
            <processcall abort="true" processId="0d726a4c-bc0e-4aef-b089-8ec52e30df99" wait="true">
              <parameters/>
              <returnpaths>
                <returnpaths childShapeName="shape6" returnLabel="Error Documents"/>
                <returnpaths childShapeName="shape7" returnLabel="Valid Documents"/>
              </returnpaths>
            </processcall>
          </configuration>
          <dragpoints>
            <dragpoint identifier="shape6" name="shape5.dragpoint1" text="Error Documents" toShape="shape7" x="656.0" y="424.0"/>
            <dragpoint identifier="shape7" name="shape5.dragpoint2" text="Valid Documents" toShape="shape16" x="656.0" y="104.0"/>
          </dragpoints>
        </shape>
        <shape image="dataprocess_icon" name="shape7" shapetype="dataprocess" userlabel="SplitON Log_Item" x="671.0" y="416.0">
          <configuration>
            <dataprocess>
              <step index="1" key="1" name="Split Documents" processtype="8">
                <documentsplit profileType="xml">
                  <SplitOptions>
                    <XMLOptions linkElementKey="20650" linkElementName="log_item (CompoundEmployee/log/log_item)" profileId="b3a5d5ef-2ad2-43a4-98dd-646c12e74af9"/>
                  </SplitOptions>
                </documentsplit>
              </step>
            </dataprocess>
          </configuration>
          <dragpoints>
            <dragpoint name="shape7.dragpoint1" toShape="shape8" x="816.0" y="424.0"/>
          </dragpoints>
        </shape>
        <shape image="map_icon" name="shape8" shapetype="map" userlabel="" x="831.0" y="416.0">
          <configuration>
            <map mapId="64b9abe3-abda-4870-9f5e-8c396a593a03"/>
          </configuration>
          <dragpoints>
            <dragpoint name="shape8.dragpoint1" toShape="shape10" x="960.0" y="424.0"/>
          </dragpoints>
        </shape>
        <shape image="connectoraction_icon" name="shape12" shapetype="connectoraction" userlabel="Mail server" x="1471.0" y="352.0">
          <configuration>
            <connectoraction actionType="Send" connectionId="f2cafa9e-8850-4b68-b857-d4ee5a1c8b98" connectorType="mail" hideSettings="false" operationId="ff919bdc-b4da-4a90-8b43-8054244dfbb7">
              <parameters/>
            </connectoraction>
          </configuration>
          <dragpoints>
            <dragpoint name="shape12.dragpoint1" toShape="shape13" x="1648.0" y="360.0"/>
          </dragpoints>
        </shape>
        <shape image="documentproperties_icon" name="shape9" shapetype="documentproperties" userlabel="Error Message Details" x="1135.0" y="416.0">
          <configuration>
            <documentproperties>
              <documentproperty defaultValue="" isTradingPartner="false" name="Mail - File Name" persist="false" propertyId="connector.mail.filename">
                <sourcevalues>
                  <parametervalue key="1" valueType="static">
                    <staticparameter staticproperty="SFEC_EC372 EC to NAVEX Employee Demographics -Error Report.txt"/>
                  </parametervalue>
                </sourcevalues>
              </documentproperty>
              <documentproperty defaultValue="" isTradingPartner="false" name="Mail - Subject" persist="false" propertyId="connector.mail.subject">
                <sourcevalues>
                  <parametervalue key="2" valueType="static">
                    <staticparameter staticproperty="SFEC_EC372 EC to NAVEX Employee Demographics -Error Report - "/>
                  </parametervalue>
                  <parametervalue key="3" valueType="date">
                    <dateparameter dateparametertype="current" datetimemask="yyyy-MM-dd HH:mm:ss"/>
                  </parametervalue>
                </sourcevalues>
              </documentproperty>
              <documentproperty defaultValue="" isTradingPartner="false" name="Mail - From Address" persist="false" propertyId="connector.mail.fromAddress">
                <sourcevalues>
                  <parametervalue key="4" valueType="definedparameter">
                    <definedprocessparameter componentId="795e769e-a9c3-442e-bff3-a96b04f9b531" componentName="EC372 - EC to NAVEX (OB)" propertyKey="a6b2e057-49d9-4cbc-9c94-16fe27cf011b" propertyLabel="fromEmailAddressForErrors"/>
                  </parametervalue>
                </sourcevalues>
              </documentproperty>
              <documentproperty defaultValue="" isTradingPartner="false" name="Mail - To Address" persist="false" propertyId="connector.mail.toAddress">
                <sourcevalues>
                  <parametervalue key="5" valueType="definedparameter">
                    <definedprocessparameter componentId="795e769e-a9c3-442e-bff3-a96b04f9b531" componentName="EC372 - EC to NAVEX (OB)" propertyKey="630bd0e1-a257-4ac9-b3c6-b4213140f7ff" propertyLabel="toEmailAddressForErrors"/>
                  </parametervalue>
                </sourcevalues>
              </documentproperty>
              <documentproperty defaultValue="" isTradingPartner="false" name="Mail - Body" persist="false" propertyId="connector.mail.body">
                <sourcevalues>
                  <parametervalue key="6" valueType="static">
                    <staticparameter staticproperty=""/>
                  </parametervalue>
                </sourcevalues>
              </documentproperty>
              <documentproperty defaultValue="" isTradingPartner="false" name="Dynamic Document Property - File_Name" persist="false" propertyId="dynamicdocument.File_Name">
                <sourcevalues>
                  <parametervalue key="7" valueType="static">
                    <staticparameter staticproperty="SFEC_EC372 EC to NAVEX Employee Demographics -Error Report."/>
                  </parametervalue>
                  <parametervalue key="8" valueType="date">
                    <dateparameter dateparametertype="current" datetimemask="yyyy-MM-dd"/>
                  </parametervalue>
                  <parametervalue key="9" valueType="static">
                    <staticparameter staticproperty=".csv"/>
                  </parametervalue>
                </sourcevalues>
              </documentproperty>
              <documentproperty defaultValue="" isTradingPartner="false" name="Dynamic Document Property - SFTPLocation" persist="false" propertyId="dynamicdocument.SFTPLocation">
                <sourcevalues>
                  <parametervalue key="10" valueType="definedparameter">
                    <definedprocessparameter componentId="795e769e-a9c3-442e-bff3-a96b04f9b531" componentName="EC372 - EC to NAVEX (OB)" propertyKey="6c4f4625-a39d-4368-b986-85499c5dd7d2" propertyLabel="Archive path on SFTP server"/>
                  </parametervalue>
                </sourcevalues>
              </documentproperty>
              <documentproperty defaultValue="" isTradingPartner="false" name="SFTP - Remote Directory" persist="false" propertyId="connector.sftp.remoteDirectory">
                <sourcevalues>
                  <parametervalue key="11" valueType="track">
                    <trackparameter defaultValue="" propertyId="dynamicdocument.SFTPLocation" propertyName="Dynamic Document Property - SFTPLocation"/>
                  </parametervalue>
                </sourcevalues>
              </documentproperty>
              <documentproperty defaultValue="" isTradingPartner="false" name="SFTP - File Name" persist="false" propertyId="connector.sftp.filename">
                <sourcevalues>
                  <parametervalue key="12" valueType="track">
                    <trackparameter defaultValue="" propertyId="dynamicdocument.File_Name" propertyName="Dynamic Document Property - File_Name"/>
                  </parametervalue>
                </sourcevalues>
              </documentproperty>
            </documentproperties>
          </configuration>
          <dragpoints>
            <dragpoint name="shape9.dragpoint1" toShape="shape11" x="1280.0" y="424.0"/>
          </dragpoints>
        </shape>
        <shape image="dataprocess_icon" name="shape10" shapetype="dataprocess" userlabel="Combine Documents" x="975.0" y="416.0">
          <configuration>
            <dataprocess>
              <step index="1" key="1" name="Combine Documents" processtype="9">
                <dataprocesscombine profileType="flatfile">
                  <FFOptions freeFormFooter="" freeFormHeader="" headersOption="none"/>
                </dataprocesscombine>
              </step>
            </dataprocess>
          </configuration>
          <dragpoints>
            <dragpoint name="shape10.dragpoint1" toShape="shape9" x="1120.0" y="424.0"/>
          </dragpoints>
        </shape>
        <shape image="branch_icon" name="shape11" shapetype="branch" userlabel="" x="1295.0" y="416.0">
          <configuration>
            <branch numBranches="2"/>
          </configuration>
          <dragpoints>
            <dragpoint identifier="1" name="shape11.dragpoint1" text="1" toShape="shape12" x="1456.0" y="360.0"/>
            <dragpoint identifier="2" name="shape11.dragpoint2" text="2" toShape="shape14" x="1456.0" y="488.0"/>
          </dragpoints>
        </shape>
        <shape image="stop_icon" name="shape13" shapetype="stop" userlabel="" x="1663.0" y="352.0">
          <configuration>
            <stop continue="true"/>
          </configuration>
          <dragpoints/>
        </shape>
        <shape image="connectoraction_icon" name="shape14" shapetype="connectoraction" userlabel="" x="1471.0" y="480.0">
          <configuration>
            <connectoraction actionType="Send" connectionId="7dcc0c4e-b199-4ed8-a426-7641c92096f3" connectorType="sftp" hideSettings="false" operationId="26d80be8-bc3e-4f78-b113-4c6bc769d1eb">
              <parameters/>
            </connectoraction>
          </configuration>
          <dragpoints>
            <dragpoint name="shape14.dragpoint1" toShape="shape15" x="1632.0" y="488.0"/>
          </dragpoints>
        </shape>
        <shape image="stop_icon" name="shape15" shapetype="stop" userlabel="" x="1647.0" y="480.0">
          <configuration>
            <stop continue="true"/>
          </configuration>
          <dragpoints/>
        </shape>
        <shape image="dataprocess_icon" name="shape16" shapetype="dataprocess" userlabel="Split on EmpInfo" x="671.0" y="96.0">
          <configuration>
            <dataprocess>
              <step index="1" key="1" name="Split Documents" processtype="8">
                <documentsplit profileType="xml">
                  <SplitOptions>
                    <XMLOptions linkElementKey="20636" linkElementName="employment_information (CompoundEmployee/person/employment_information)" profileId="b3a5d5ef-2ad2-43a4-98dd-646c12e74af9"/>
                  </SplitOptions>
                </documentsplit>
              </step>
            </dataprocess>
          </configuration>
          <dragpoints>
            <dragpoint name="shape16.dragpoint1" toShape="shape40" x="752.0" y="104.0"/>
          </dragpoints>
        </shape>
        <shape image="businessrules_icon" name="shape17" shapetype="businessrules" userlabel="Scope" x="895.0" y="208.0">
          <configuration>
            <businessrules profileId="b3a5d5ef-2ad2-43a4-98dd-646c12e74af9" profileName="SuccessFactors CompoundEmployee QUERY Response" profileType="profile.xml">
              <rule key="1" name="Emp status">
                <input alias="emplStatus" elementKey="24726" id="1" name="emplStatus (CompoundEmployee/person/employment_information/job_information/emplStatus)" taglist="0" xsi:type="BusinessRuleField"/>
                <condition operator="or" xsi:type="GroupingCondition">
                  <nestedExpression operator="=" xsi:type="SimpleCondition">
                    <leftInput deleted="false" id="1" name="emplStatus" xsi:type="FieldConditionInput"/>
                    <rightInput deleted="false" id="0" name="&quot;A&quot;" value="A" xsi:type="StaticConditionInput"/>
                  </nestedExpression>
                  <nestedExpression operator="=" xsi:type="SimpleCondition">
                    <leftInput deleted="false" id="1" name="emplStatus" xsi:type="FieldConditionInput"/>
                    <rightInput deleted="false" id="0" name="&quot;P&quot;" value="P" xsi:type="StaticConditionInput"/>
                  </nestedExpression>
                  <nestedExpression operator="=" xsi:type="SimpleCondition">
                    <leftInput deleted="false" id="1" name="emplStatus" xsi:type="FieldConditionInput"/>
                    <rightInput deleted="false" id="0" name="&quot;U&quot;" value="U" xsi:type="StaticConditionInput"/>
                  </nestedExpression>
                  <nestedExpression operator="=" xsi:type="SimpleCondition">
                    <leftInput deleted="false" id="1" name="emplStatus" xsi:type="FieldConditionInput"/>
                    <rightInput deleted="false" id="0" name="&quot;R&quot;" value="R" xsi:type="StaticConditionInput"/>
                  </nestedExpression>
                  <nestedExpression operator="=" xsi:type="SimpleCondition">
                    <leftInput deleted="false" id="1" name="emplStatus" xsi:type="FieldConditionInput"/>
                    <rightInput deleted="false" id="0" name="&quot;T&quot;" value="T" xsi:type="StaticConditionInput"/>
                  </nestedExpression>
                  <nestedExpression operator="=" xsi:type="SimpleCondition">
                    <leftInput deleted="false" id="1" name="emplStatus" xsi:type="FieldConditionInput"/>
                    <rightInput deleted="false" id="0" name="&quot;S&quot;" value="S" xsi:type="StaticConditionInput"/>
                  </nestedExpression>
                </condition>
                <errorMessage/>
              </rule>
              <rule key="2" name="Emp class">
                <input alias="employee_class" elementKey="24720" id="1" name="employee_class (CompoundEmployee/person/employment_information/job_information/employee_class)" taglist="0" xsi:type="BusinessRuleField"/>
                <condition operator="and" xsi:type="GroupingCondition">
                  <nestedExpression operator="!=" xsi:type="SimpleCondition">
                    <leftInput deleted="false" id="1" name="employee_class" xsi:type="FieldConditionInput"/>
                    <rightInput deleted="false" id="0" name="&quot;E&quot;" value="E" xsi:type="StaticConditionInput"/>
                  </nestedExpression>
                </condition>
                <errorMessage/>
              </rule>
              <rule key="3" name="Termination date check">
                <input alias="emplStatus" elementKey="24726" id="1" name="emplStatus (CompoundEmployee/person/employment_information/job_information/emplStatus)" taglist="0" xsi:type="BusinessRuleField"/>
                <input alias="Termination date" id="2" xsi:type="BusinessRuleFunction">
                  <inputMapping fromElementKey="21794" fromName="end_date (CompoundEmployee/person/employment_information/end_date)" fromTaglist="0" toFunctionInputKey="1"/>
                  <inputMapping fromElementKey="0" fromTaglist="0" toFunctionInputKey="2"/>
                  <inputMapping fromElementKey="0" fromTaglist="0" toFunctionInputKey="3"/>
                  <FunctionStep cacheEnabled="false" category="Date" key="2" name="Date Format" position="-1" type="DateFormat">
                    <Inputs>
                      <Input default="" key="1" name="Date String"/>
                      <Input default="yyyyMMdd HHmmss.SSS" key="2" name="Input Mask"/>
                      <Input default="yyyy-MM-dd" key="3" name="Output Mask"/>
                    </Inputs>
                    <Outputs>
                      <Output key="2" name="Result"/>
                    </Outputs>
                    <Configuration/>
                  </FunctionStep>
                </input>
                <input alias="File start date" id="3" xsi:type="BusinessRuleFunction">
                  <FunctionStep cacheEnabled="false" category="ProcessProperty" key="3" name="Get Process Property" position="-1" type="DefinedProcessPropertyGet">
                    <Inputs/>
                    <Outputs>
                      <Output key="1" name="Full File Start Date"/>
                    </Outputs>
                    <Configuration>
                      <DefinedProcessProperty componentId="795e769e-a9c3-442e-bff3-a96b04f9b531" componentName="EC372 - EC to NAVEX (OB)" propertyKey="2d3d973b-7bee-4b79-9512-f52a5021a00e" propertyName="Full File Start Date"/>
                    </Configuration>
                  </FunctionStep>
                </input>
                <input alias="termination check" id="5" xsi:type="BusinessRuleFunction">
                  <inputMapping fromElementKey="24726" fromName="emplStatus (CompoundEmployee/person/employment_information/job_information/emplStatus)" fromTaglist="0" toFunctionInputKey="1"/>
                  <inputMapping fromElementKey="21794" fromName="end_date (CompoundEmployee/person/employment_information/end_date)" fromTaglist="0" toFunctionInputKey="2"/>
                  <FunctionStep cacheEnabled="false" category="userdefined" id="fd4ac13b-8068-44ed-adf1-966851d0ddb5" key="5" name="termination check" position="-1" type="userdefined">
                    <Inputs>
                      <Input default="" key="1" name="status"/>
                      <Input default="" key="2" name="tdate"/>
                    </Inputs>
                    <Outputs>
                      <Output key="1" name="result"/>
                    </Outputs>
                    <Configuration/>
                  </FunctionStep>
                </input>
                <condition operator="or" xsi:type="GroupingCondition">
                  <nestedExpression operator="=" xsi:type="SimpleCondition">
                    <leftInput deleted="false" id="5" name="termination check" outputId="1" xsi:type="FunctionConditionInput"/>
                    <rightInput deleted="false" id="0" name="&quot;1&quot;" value="1" xsi:type="StaticConditionInput"/>
                  </nestedExpression>
                  <nestedExpression operator="=" xsi:type="SimpleCondition">
                    <leftInput deleted="false" id="1" name="emplStatus" xsi:type="FieldConditionInput"/>
                    <rightInput deleted="false" id="0" name="&quot;A&quot;" value="A" xsi:type="StaticConditionInput"/>
                  </nestedExpression>
                  <nestedExpression operator="=" xsi:type="SimpleCondition">
                    <leftInput deleted="false" id="1" name="emplStatus" xsi:type="FieldConditionInput"/>
                    <rightInput deleted="false" id="0" name="&quot;P&quot;" value="P" xsi:type="StaticConditionInput"/>
                  </nestedExpression>
                  <nestedExpression operator="=" xsi:type="SimpleCondition">
                    <leftInput deleted="false" id="1" name="emplStatus" xsi:type="FieldConditionInput"/>
                    <rightInput deleted="false" id="0" name="&quot;U&quot;" value="U" xsi:type="StaticConditionInput"/>
                  </nestedExpression>
                  <nestedExpression operator="=" xsi:type="SimpleCondition">
                    <leftInput deleted="false" id="1" name="emplStatus" xsi:type="FieldConditionInput"/>
                    <rightInput deleted="false" id="0" name="&quot;S&quot;" value="S" xsi:type="StaticConditionInput"/>
                  </nestedExpression>
                </condition>
                <errorMessage/>
              </rule>
              <rule key="4" name="Primary assignment chk">
                <input alias="custom_string11" elementKey="21596" id="1" name="custom_string11 (CompoundEmployee/person/employment_information/custom_string11)" taglist="0" xsi:type="BusinessRuleField"/>
                <condition operator="and" xsi:type="GroupingCondition">
                  <nestedExpression operator="!=" xsi:type="SimpleCondition">
                    <leftInput deleted="false" id="1" name="custom_string11" xsi:type="FieldConditionInput"/>
                    <rightInput deleted="false" id="0" name="&quot;Yes&quot;" value="Yes" xsi:type="StaticConditionInput"/>
                  </nestedExpression>
                </condition>
                <errorMessage/>
              </rule>
            </businessrules>
          </configuration>
          <dragpoints>
            <dragpoint identifier="Accepted" name="shape17.dragpoint1" text="Accepted" toShape="shape19" x="1119.0" y="168.0"/>
            <dragpoint identifier="Rejected" name="shape17.dragpoint2" text="Rejected" toShape="shape41" x="1024.0" y="360.0"/>
          </dragpoints>
        </shape>
        <shape image="stop_icon" name="shape18" shapetype="stop" userlabel="" x="1151.0" y="80.0">
          <configuration>
            <stop continue="true"/>
          </configuration>
          <dragpoints/>
        </shape>
        <shape image="branch_icon" name="shape19" shapetype="branch" userlabel="" x="1135.0" y="160.0">
          <configuration>
            <branch numBranches="2"/>
          </configuration>
          <dragpoints>
            <dragpoint identifier="1" name="shape19.dragpoint1" text="1" toShape="shape20" x="1247.0" y="88.0"/>
            <dragpoint identifier="2" name="shape19.dragpoint2" text="2" toShape="shape27" x="1248.0" y="216.0"/>
          </dragpoints>
        </shape>
        <shape image="processcall_icon" name="shape20" shapetype="processcall" userlabel="" x="1263.0" y="80.0">
          <configuration>
            <processcall abort="true" processId="c8a8056f-3218-4c44-90a7-8e6d81a768cf" wait="true">
              <parameters/>
              <returnpaths/>
            </processcall>
          </configuration>
          <dragpoints/>
        </shape>
        <shape image="businessrules_icon" name="shape21" shapetype="businessrules" userlabel="Hard Errors" x="959.0" y="608.0">
          <configuration>
            <businessrules profileId="b3a5d5ef-2ad2-43a4-98dd-646c12e74af9" profileName="SuccessFactors CompoundEmployee QUERY Response" profileType="profile.xml">
              <rule key="1" name="Manager ID check">
                <input alias="manager_id" elementKey="24794" id="1" name="manager_id (CompoundEmployee/person/employment_information/job_information/manager_id)" taglist="0" xsi:type="BusinessRuleField"/>
                <input alias="person_id_external" elementKey="20452" id="2" name="person_id_external (CompoundEmployee/person/person_id_external)" taglist="0" xsi:type="BusinessRuleField"/>
                <condition operator="and" xsi:type="GroupingCondition">
                  <nestedExpression operator="is not empty" xsi:type="SimpleCondition">
                    <leftInput deleted="false" id="1" name="manager_id" xsi:type="FieldConditionInput"/>
                  </nestedExpression>
                </condition>
                <errorMessage content="Error|{1}|Manager ID|Required field not populated">
                  <input index="1">
                    <input deleted="false" id="2" name="person_id_external" xsi:type="FieldConditionInput"/>
                  </input>
                </errorMessage>
              </rule>
            </businessrules>
          </configuration>
          <dragpoints>
            <dragpoint identifier="Accepted" name="shape21.dragpoint1" text="Accepted" toShape="unset" x="1137.0" y="598.0"/>
            <dragpoint identifier="Rejected" name="shape21.dragpoint2" text="Rejected" toShape="unset" x="1137.0" y="638.0"/>
          </dragpoints>
        </shape>
        <shape image="documentproperties_icon" name="shape22" shapetype="documentproperties" userlabel="Set Error Record Count Property" x="1583.0" y="240.0">
          <configuration>
            <documentproperties>
              <documentproperty defaultValue="" isTradingPartner="false" name="Dynamic Process Property - RPT_ERR_PRCSS_NAME" persist="false" propertyId="process.RPT_ERR_PRCSS_NAME">
                <sourcevalues>
                  <parametervalue key="3" valueType="static">
                    <staticparameter staticproperty="Sub: Extract Data"/>
                  </parametervalue>
                </sourcevalues>
              </documentproperty>
              <documentproperty defaultValue="" isTradingPartner="false" name="Dynamic Process Property - RPT_ERR_CPNT_TYPE" persist="false" propertyId="process.RPT_ERR_CPNT_TYPE">
                <sourcevalues>
                  <parametervalue key="2" valueType="static">
                    <staticparameter staticproperty="BRULE"/>
                  </parametervalue>
                </sourcevalues>
              </documentproperty>
              <documentproperty defaultValue="" isTradingPartner="false" name="Dynamic Process Property - RPT_ERR_FILE_NAME" persist="false" propertyId="process.RPT_ERR_FILE_NAME">
                <sourcevalues>
                  <parametervalue key="4" valueType="static">
                    <staticparameter staticproperty="SFEC.NAVEX.GBL.EC372."/>
                  </parametervalue>
                  <parametervalue key="5" valueType="date">
                    <dateparameter dateparametertype="current" datetimemask="yyyyMMdd"/>
                  </parametervalue>
                  <parametervalue key="6" valueType="static">
                    <staticparameter staticproperty=".csv"/>
                  </parametervalue>
                </sourcevalues>
              </documentproperty>
              <documentproperty defaultValue="" isTradingPartner="false" name="Dynamic Process Property - RPT_ERR_REC_TYPE" persist="false" propertyId="process.RPT_ERR_REC_TYPE">
                <sourcevalues>
                  <parametervalue key="7" valueType="static">
                    <staticparameter staticproperty="Demographic Data File"/>
                  </parametervalue>
                </sourcevalues>
              </documentproperty>
            </documentproperties>
          </configuration>
          <dragpoints>
            <dragpoint name="shape22.dragpoint1" toShape="shape23" x="1840.0" y="248.0"/>
          </dragpoints>
        </shape>
        <shape image="documentproperties_icon" name="shape23" shapetype="documentproperties" userlabel="Set Error Message Properties" x="1855.0" y="240.0">
          <configuration>
            <documentproperties>
              <documentproperty defaultValue="" isTradingPartner="false" name="Dynamic Process Property - RPT_ERR_MSG_FRGMNT_FLAG" persist="false" propertyId="process.RPT_ERR_MSG_FRGMNT_FLAG">
                <sourcevalues>
                  <parametervalue key="1" valueType="static">
                    <staticparameter staticproperty="true"/>
                  </parametervalue>
                </sourcevalues>
              </documentproperty>
              <documentproperty defaultValue="" isTradingPartner="false" name="Dynamic Process Property - RPT_ERR_MSG_BRULE_PROF_TYPE" persist="false" propertyId="process.RPT_ERR_MSG_BRULE_PROF_TYPE">
                <sourcevalues>
                  <parametervalue key="2" valueType="static">
                    <staticparameter staticproperty="XML"/>
                  </parametervalue>
                </sourcevalues>
              </documentproperty>
              <documentproperty defaultValue="" isTradingPartner="false" name="Dynamic Process Property - RPT_ERR_MSG_BRULE_KEY_DATA_DELIM" persist="false" propertyId="process.RPT_ERR_MSG_BRULE_KEY_DATA_DELIM">
                <sourcevalues>
                  <parametervalue key="3" valueType="static">
                    <staticparameter staticproperty="_"/>
                  </parametervalue>
                </sourcevalues>
              </documentproperty>
              <documentproperty defaultValue="" isTradingPartner="false" name="Dynamic Process Property - RPT_ERR_MSG_BRULE_DATA_KEY_COLS" persist="false" propertyId="process.RPT_ERR_MSG_BRULE_DATA_KEY_COLS">
                <sourcevalues>
                  <parametervalue key="4" valueType="static">
                    <staticparameter staticproperty="/CompoundEmployee/person/person_id_external"/>
                  </parametervalue>
                </sourcevalues>
              </documentproperty>
              <documentproperty defaultValue="" isTradingPartner="false" name="Dynamic Process Property - RPT_ERR_SVRTY_LVL" persist="false" propertyId="process.RPT_ERR_SVRTY_LVL">
                <sourcevalues>
                  <parametervalue key="5" valueType="static">
                    <staticparameter staticproperty="ERR"/>
                  </parametervalue>
                </sourcevalues>
              </documentproperty>
            </documentproperties>
          </configuration>
          <dragpoints>
            <dragpoint name="shape23.dragpoint1" toShape="shape24" x="2048.0" y="248.0"/>
          </dragpoints>
        </shape>
        <shape image="dataprocess_icon" name="shape24" shapetype="dataprocess" userlabel="Total Error Count" x="2063.0" y="240.0">
          <configuration>
            <dataprocess>
              <step index="1" key="1" name="Custom Scripting" processtype="12">
                <dataprocessscript language="groovy">
                  <script>import java.util.Properties;
import java.io.InputStream;
import com.boomi.execution.ExecutionUtil;
import com.boomi.execution.ExecutionManager;
propValue = ExecutionUtil.getDynamicProcessProperty(&quot;DemographicErrorCount&quot;);
int intValue = Integer.parseInt(propValue);
for( int i = 0; i &lt; dataContext.getDataCount(); i++ )
{
InputStream is = dataContext.getStream(i);
Properties props = dataContext.getProperties(i);
dataContext.storeStream(is, props);
intValue = intValue + 1;
}
propValue = Integer.toString(intValue);
ExecutionUtil.setDynamicProcessProperty(&quot;DemographicErrorCount&quot;, propValue, false);
</script>
                </dataprocessscript>
              </step>
            </dataprocess>
          </configuration>
          <dragpoints>
            <dragpoint name="shape24.dragpoint1" toShape="shape25" x="2207.0" y="248.0"/>
          </dragpoints>
        </shape>
        <shape image="processcall_icon" name="shape25" shapetype="processcall" userlabel="" x="2223.0" y="240.0">
          <configuration>
            <processcall abort="true" processId="38090364-19f4-480b-b7be-355d22623208" wait="true">
              <parameters/>
              <returnpaths>
                <returnpaths childShapeName="shape4" returnLabel="Return Errors"/>
              </returnpaths>
            </processcall>
          </configuration>
          <dragpoints>
            <dragpoint identifier="shape4" name="shape25.dragpoint1" text="Return Errors" toShape="shape26" x="2464.0" y="248.0"/>
          </dragpoints>
        </shape>
        <shape image="stop_icon" name="shape26" shapetype="stop" userlabel="" x="2479.0" y="240.0">
          <configuration>
            <stop continue="true"/>
          </configuration>
          <dragpoints/>
        </shape>
        <shape image="map_icon" name="shape27" shapetype="map" userlabel="" x="1263.0" y="208.0">
          <configuration>
            <map mapId="50f8f47a-7204-4a9f-8be0-9f244efcf023"/>
          </configuration>
          <dragpoints>
            <dragpoint name="shape27.dragpoint1" toShape="shape36" x="1392.0" y="216.0"/>
          </dragpoints>
        </shape>
        <shape image="documentproperties_icon" name="shape28" shapetype="documentproperties" userlabel="Set Success Counts PCR" x="1583.0" y="112.0">
          <configuration>
            <documentproperties>
              <documentproperty defaultValue="" isTradingPartner="false" name="Dynamic Process Property - RPT_SUC_PRCSS_NAME" persist="false" propertyId="process.RPT_SUC_PRCSS_NAME">
                <sourcevalues>
                  <parametervalue key="7" valueType="static">
                    <staticparameter staticproperty="Sub: Extract Data"/>
                  </parametervalue>
                </sourcevalues>
              </documentproperty>
              <documentproperty defaultValue="" isTradingPartner="false" name="Dynamic Process Property - RPT_SUC_FILE_NAME" persist="false" propertyId="process.RPT_SUC_FILE_NAME">
                <sourcevalues>
                  <parametervalue key="4" valueType="static">
                    <staticparameter staticproperty="SFEC.NAVEX.GBL.EC372.NAVEX_demographic_data."/>
                  </parametervalue>
                  <parametervalue key="5" valueType="date">
                    <dateparameter dateparametertype="current" datetimemask="yyyyMMdd HHmmss"/>
                  </parametervalue>
                  <parametervalue key="6" valueType="static">
                    <staticparameter staticproperty=".txt"/>
                  </parametervalue>
                </sourcevalues>
              </documentproperty>
              <documentproperty defaultValue="" isTradingPartner="false" name="Dynamic Process Property - RPT_SUC_REC_TYPE" persist="false" propertyId="process.RPT_SUC_REC_TYPE">
                <sourcevalues>
                  <parametervalue key="3" valueType="static">
                    <staticparameter staticproperty="Payment Data File"/>
                  </parametervalue>
                </sourcevalues>
              </documentproperty>
              <documentproperty defaultValue="" isTradingPartner="false" name="Dynamic Process Property - IFLOW_DOCUMENT_COUNT_PROPERTY" persist="false" propertyId="process.IFLOW_DOCUMENT_COUNT_PROPERTY">
                <sourcevalues>
                  <parametervalue key="2" valueType="static">
                    <staticparameter staticproperty="PCRCount"/>
                  </parametervalue>
                </sourcevalues>
              </documentproperty>
            </documentproperties>
          </configuration>
          <dragpoints>
            <dragpoint name="shape28.dragpoint1" toShape="shape29" x="1759.0" y="120.0"/>
          </dragpoints>
        </shape>
        <shape image="processcall_icon" name="shape29" shapetype="processcall" userlabel="" x="1775.0" y="112.0">
          <configuration>
            <processcall abort="true" processId="253fad3c-53c5-41de-b5f9-24b93a60b89f" wait="true">
              <parameters/>
              <returnpaths>
                <returnpaths childShapeName="shape3" returnLabel=""/>
              </returnpaths>
            </processcall>
          </configuration>
          <dragpoints>
            <dragpoint identifier="shape3" name="shape29.dragpoint1" toShape="shape30" x="1903.0" y="120.0"/>
          </dragpoints>
        </shape>
        <shape image="processcall_icon" name="shape30" shapetype="processcall" userlabel="" x="1919.0" y="112.0">
          <configuration>
            <processcall abort="true" processId="c0c38c00-77bb-426d-8483-2c151e6699e8" wait="true">
              <parameters/>
              <returnpaths>
                <returnpaths childShapeName="shape2" returnLabel=""/>
              </returnpaths>
            </processcall>
          </configuration>
          <dragpoints>
            <dragpoint identifier="shape2" name="shape30.dragpoint1" toShape="shape31" x="2096.0" y="120.0"/>
          </dragpoints>
        </shape>
        <shape image="dataprocess_icon" name="shape31" shapetype="dataprocess" userlabel="Total Success Record Count" x="2111.0" y="112.0">
          <configuration>
            <dataprocess>
              <step index="1" key="1" name="Custom Scripting" processtype="12">
                <dataprocessscript language="groovy">
                  <script>import java.util.Properties;
import java.io.InputStream;
import com.boomi.execution.ExecutionUtil;
import com.boomi.execution.ExecutionManager;
propValue = ExecutionUtil.getDynamicProcessProperty(&quot;DemographicTotalCount&quot;);
int intValue = Integer.parseInt(propValue);
for( int i = 0; i &lt; dataContext.getDataCount(); i++ )
{
InputStream is = dataContext.getStream(i);
Properties props = dataContext.getProperties(i);
dataContext.storeStream(is, props);
intValue = intValue + 1;
}
propValue = Integer.toString(intValue);
ExecutionUtil.setDynamicProcessProperty(&quot;DemographicTotalCount&quot;, propValue, false);
</script>
                </dataprocessscript>
              </step>
            </dataprocess>
          </configuration>
          <dragpoints>
            <dragpoint name="shape31.dragpoint1" toShape="shape32" x="2287.0" y="120.0"/>
          </dragpoints>
        </shape>
        <shape image="processcall_icon" name="shape32" shapetype="processcall" userlabel="" x="2303.0" y="112.0">
          <configuration>
            <processcall abort="true" processId="fa9d463d-472b-4590-bd31-cac9e077c72e" wait="true">
              <parameters/>
              <returnpaths>
                <returnpaths childShapeName="shape7" returnLabel=""/>
              </returnpaths>
            </processcall>
          </configuration>
          <dragpoints>
            <dragpoint identifier="shape7" name="shape32.dragpoint1" toShape="shape33" x="2464.0" y="120.0"/>
          </dragpoints>
        </shape>
        <shape image="dataprocess_icon" name="shape33" shapetype="dataprocess" userlabel="" x="2479.0" y="112.0">
          <configuration>
            <dataprocess>
              <step index="1" key="1" name="Combine Documents" processtype="9">
                <dataprocesscombine profileType="flatfile">
                  <FFOptions freeFormFooter="" freeFormHeader="" headersOption="none"/>
                </dataprocesscombine>
              </step>
            </dataprocess>
          </configuration>
          <dragpoints>
            <dragpoint name="shape33.dragpoint1" toShape="shape35" x="2608.0" y="120.0"/>
          </dragpoints>
        </shape>
        <shape image="returndocuments_icon" name="shape34" shapetype="returndocuments" userlabel="Demographic Data" x="2751.0" y="112.0">
          <configuration>
            <returndocuments label="Demographic Data"/>
          </configuration>
          <dragpoints/>
        </shape>
        <shape image="documentproperties_icon" name="shape35" shapetype="documentproperties" userlabel="Set FileName" x="2623.0" y="112.0">
          <configuration>
            <documentproperties>
              <documentproperty defaultValue="" isTradingPartner="false" name="Dynamic Process Property - File_Name" persist="false" propertyId="process.File_Name">
                <sourcevalues>
                  <parametervalue key="1" valueType="static">
                    <staticparameter staticproperty="SFEC.NAVEX.GBL.EC372.NAVEX_demographic_data."/>
                  </parametervalue>
                  <parametervalue key="2" valueType="date">
                    <dateparameter dateparametertype="current" datetimemask="yyyyMMddHHmmss"/>
                  </parametervalue>
                  <parametervalue key="3" valueType="static">
                    <staticparameter staticproperty=".txt"/>
                  </parametervalue>
                </sourcevalues>
              </documentproperty>
            </documentproperties>
          </configuration>
          <dragpoints>
            <dragpoint name="shape35.dragpoint1" toShape="shape34" x="2736.0" y="120.0"/>
          </dragpoints>
        </shape>
        <shape image="businessrules_icon" name="shape36" shapetype="businessrules" userlabel="Hard errors" x="1407.0" y="208.0">
          <configuration>
            <businessrules profileId="a60a1c5b-c11a-417b-8b78-8be2547cbdd0" profileName="Demographic Data" profileType="profile.flatfile">
              <rule key="1" name="Manager id check">
                <input alias="manager-id" elementKey="15" id="1" name="manager-id (Record/Elements/manager-id)" taglist="0" xsi:type="BusinessRuleField"/>
                <input alias="GPID" elementKey="3" id="2" name="GPID (Record/Elements/GPID)" taglist="0" xsi:type="BusinessRuleField"/>
                <condition operator="and" xsi:type="GroupingCondition">
                  <nestedExpression operator="is not empty" xsi:type="SimpleCondition">
                    <leftInput deleted="false" id="1" name="manager-id" xsi:type="FieldConditionInput"/>
                  </nestedExpression>
                </condition>
                <errorMessage content="Error|{1}|Manager ID|Required field not populated">
                  <input index="1">
                    <input deleted="false" id="2" name="GPID" xsi:type="FieldConditionInput"/>
                  </input>
                </errorMessage>
              </rule>
              <rule key="2" name="first name check">
                <input alias="First Name" elementKey="4" id="1" name="First Name (Record/Elements/First Name)" taglist="0" xsi:type="BusinessRuleField"/>
                <input alias="GPID" elementKey="3" id="2" name="GPID (Record/Elements/GPID)" taglist="0" xsi:type="BusinessRuleField"/>
                <condition operator="and" xsi:type="GroupingCondition">
                  <nestedExpression operator="is not empty" xsi:type="SimpleCondition">
                    <leftInput deleted="false" id="1" name="First Name" xsi:type="FieldConditionInput"/>
                  </nestedExpression>
                </condition>
                <errorMessage content="Error|{1}|First Name|Required field not populated">
                  <input index="1">
                    <input deleted="false" id="2" name="GPID" xsi:type="FieldConditionInput"/>
                  </input>
                </errorMessage>
              </rule>
              <rule key="3" name="last name check">
                <input alias="Last Name" elementKey="5" id="1" name="Last Name (Record/Elements/Last Name)" taglist="0" xsi:type="BusinessRuleField"/>
                <input alias="GPID" elementKey="3" id="2" name="GPID (Record/Elements/GPID)" taglist="0" xsi:type="BusinessRuleField"/>
                <condition operator="and" xsi:type="GroupingCondition">
                  <nestedExpression operator="is not empty" xsi:type="SimpleCondition">
                    <leftInput deleted="false" id="1" name="Last Name" xsi:type="FieldConditionInput"/>
                  </nestedExpression>
                </condition>
                <errorMessage content="Error|{1}|Last Name|Required field not populated">
                  <input index="1">
                    <input deleted="false" id="2" name="GPID" xsi:type="FieldConditionInput"/>
                  </input>
                </errorMessage>
              </rule>
              <rule key="4" name="emplstatus check">
                <input alias="emplStatus" elementKey="6" id="1" name="emplStatus (Record/Elements/emplStatus)" taglist="0" xsi:type="BusinessRuleField"/>
                <input alias="GPID" elementKey="3" id="2" name="GPID (Record/Elements/GPID)" taglist="0" xsi:type="BusinessRuleField"/>
                <condition operator="and" xsi:type="GroupingCondition">
                  <nestedExpression operator="is not empty" xsi:type="SimpleCondition">
                    <leftInput deleted="false" id="1" name="emplStatus" xsi:type="FieldConditionInput"/>
                  </nestedExpression>
                </condition>
                <errorMessage content="Error|{1}|emplStatus|Required field not populated">
                  <input index="1">
                    <input deleted="false" id="2" name="GPID" xsi:type="FieldConditionInput"/>
                  </input>
                </errorMessage>
              </rule>
              <rule key="5" name="empclass check">
                <input alias="employee-class" elementKey="7" id="1" name="employee-class (Record/Elements/employee-class)" taglist="0" xsi:type="BusinessRuleField"/>
                <input alias="GPID" elementKey="3" id="2" name="GPID (Record/Elements/GPID)" taglist="0" xsi:type="BusinessRuleField"/>
                <condition operator="and" xsi:type="GroupingCondition">
                  <nestedExpression operator="is not empty" xsi:type="SimpleCondition">
                    <leftInput deleted="false" id="1" name="employee-class" xsi:type="FieldConditionInput"/>
                  </nestedExpression>
                </condition>
                <errorMessage content="Error|{1}|employee-class|Required field not populated">
                  <input index="1">
                    <input deleted="false" id="2" name="GPID" xsi:type="FieldConditionInput"/>
                  </input>
                </errorMessage>
              </rule>
              <rule key="6" name="orig hire date check">
                <input alias="Original Hire Date" elementKey="8" id="1" name="Original Hire Date (Record/Elements/Original Hire Date)" taglist="0" xsi:type="BusinessRuleField"/>
                <input alias="GPID" elementKey="3" id="2" name="GPID (Record/Elements/GPID)" taglist="0" xsi:type="BusinessRuleField"/>
                <condition operator="and" xsi:type="GroupingCondition">
                  <nestedExpression operator="is not empty" xsi:type="SimpleCondition">
                    <leftInput deleted="false" id="1" name="Original Hire Date" xsi:type="FieldConditionInput"/>
                  </nestedExpression>
                </condition>
                <errorMessage content="Error|{1}|Original Hire Date|Required field not populated">
                  <input index="1">
                    <input deleted="false" id="2" name="GPID" xsi:type="FieldConditionInput"/>
                  </input>
                </errorMessage>
              </rule>
              <rule key="7" name="pay grade check">
                <input alias="pay-grade" elementKey="9" id="1" name="pay-grade (Record/Elements/pay-grade)" taglist="0" xsi:type="BusinessRuleField"/>
                <input alias="GPID" elementKey="3" id="2" name="GPID (Record/Elements/GPID)" taglist="0" xsi:type="BusinessRuleField"/>
                <condition operator="and" xsi:type="GroupingCondition">
                  <nestedExpression operator="is not empty" xsi:type="SimpleCondition">
                    <leftInput deleted="false" id="1" name="pay-grade" xsi:type="FieldConditionInput"/>
                  </nestedExpression>
                </condition>
                <errorMessage content="Error|{1}|pay-grade|Required field not populated">
                  <input index="1">
                    <input deleted="false" id="2" name="GPID" xsi:type="FieldConditionInput"/>
                  </input>
                </errorMessage>
              </rule>
              <rule key="8" name="location check">
                <input alias="location" elementKey="11" id="1" name="location (Record/Elements/location)" taglist="0" xsi:type="BusinessRuleField"/>
                <input alias="GPID" elementKey="3" id="2" name="GPID (Record/Elements/GPID)" taglist="0" xsi:type="BusinessRuleField"/>
                <condition operator="and" xsi:type="GroupingCondition">
                  <nestedExpression operator="is not empty" xsi:type="SimpleCondition">
                    <leftInput deleted="false" id="1" name="location" xsi:type="FieldConditionInput"/>
                  </nestedExpression>
                </condition>
                <errorMessage content="Error|{1}|location|Required field not populated">
                  <input index="1">
                    <input deleted="false" id="2" name="GPID" xsi:type="FieldConditionInput"/>
                  </input>
                </errorMessage>
              </rule>
              <rule key="9" name="sector check">
                <input alias="Sector" elementKey="12" id="1" name="Sector (Record/Elements/Sector)" taglist="0" xsi:type="BusinessRuleField"/>
                <input alias="GPID" elementKey="3" id="2" name="GPID (Record/Elements/GPID)" taglist="0" xsi:type="BusinessRuleField"/>
                <condition operator="and" xsi:type="GroupingCondition">
                  <nestedExpression operator="is not empty" xsi:type="SimpleCondition">
                    <leftInput deleted="false" id="1" name="Sector" xsi:type="FieldConditionInput"/>
                  </nestedExpression>
                </condition>
                <errorMessage content="Error|{1}|Sector|Required field not populated">
                  <input index="1">
                    <input deleted="false" id="2" name="GPID" xsi:type="FieldConditionInput"/>
                  </input>
                </errorMessage>
              </rule>
              <rule key="10" name="Region check">
                <input alias="Region" elementKey="14" id="1" name="Region (Record/Elements/Region)" taglist="0" xsi:type="BusinessRuleField"/>
                <input alias="GPID" elementKey="3" id="2" name="GPID (Record/Elements/GPID)" taglist="0" xsi:type="BusinessRuleField"/>
                <condition operator="and" xsi:type="GroupingCondition">
                  <nestedExpression operator="is not empty" xsi:type="SimpleCondition">
                    <leftInput deleted="false" id="1" name="Region" xsi:type="FieldConditionInput"/>
                  </nestedExpression>
                </condition>
                <errorMessage content="Error|{1}|Region|Required field not populated">
                  <input index="1">
                    <input deleted="false" id="2" name="GPID" xsi:type="FieldConditionInput"/>
                  </input>
                </errorMessage>
              </rule>
              <rule key="11" name="Mgr name check">
                <input alias="Manager name" elementKey="16" id="1" name="Manager name (Record/Elements/Manager name)" taglist="0" xsi:type="BusinessRuleField"/>
                <input alias="GPID" elementKey="3" id="2" name="GPID (Record/Elements/GPID)" taglist="0" xsi:type="BusinessRuleField"/>
                <condition operator="and" xsi:type="GroupingCondition">
                  <nestedExpression operator="is not empty" xsi:type="SimpleCondition">
                    <leftInput deleted="false" id="1" name="Manager name" xsi:type="FieldConditionInput"/>
                  </nestedExpression>
                  <nestedExpression operator="!=" xsi:type="SimpleCondition">
                    <leftInput deleted="false" id="1" name="Manager name" xsi:type="FieldConditionInput"/>
                    <rightInput deleted="false" id="0" name="&quot; &quot;" value=" " xsi:type="StaticConditionInput"/>
                  </nestedExpression>
                </condition>
                <errorMessage content="Error|{1}|Manager name|Required field not populated">
                  <input index="1">
                    <input deleted="false" id="2" name="GPID" xsi:type="FieldConditionInput"/>
                  </input>
                </errorMessage>
              </rule>
              <rule key="12" name="GPID length check">
                <input alias="gpid length" id="1" xsi:type="BusinessRuleFunction">
                  <inputMapping fromElementKey="3" fromName="GPID (Record/Elements/GPID)" fromTaglist="0" toFunctionInputKey="1"/>
                  <FunctionStep cacheEnabled="false" category="Scripting" key="1" name="Scripting" position="-1" type="Scripting">
                    <Inputs>
                      <Input default="" key="1" name="gpid"/>
                    </Inputs>
                    <Outputs>
                      <Output key="2" name="len"/>
                    </Outputs>
                    <Configuration>
                      <Scripting language="groovy">
                        <ScriptToExecute>len=gpid.length();</ScriptToExecute>
                        <Input dataType="character" index="1" name="gpid"/>
                        <Output index="2" name="len"/>
                      </Scripting>
                    </Configuration>
                  </FunctionStep>
                </input>
                <input alias="GPID" elementKey="3" id="2" name="GPID (Record/Elements/GPID)" taglist="0" xsi:type="BusinessRuleField"/>
                <condition operator="and" xsi:type="GroupingCondition">
                  <nestedExpression operator="&gt;=" xsi:type="SimpleCondition">
                    <leftInput deleted="false" id="1" name="gpid length" outputId="2" xsi:type="FunctionConditionInput"/>
                    <rightInput deleted="false" id="0" name="&quot;8&quot;" value="8" xsi:type="StaticConditionInput"/>
                  </nestedExpression>
                </condition>
                <errorMessage content="Error|{1}|GPID|GPID Length is less than 8">
                  <input index="1">
                    <input deleted="false" id="2" name="GPID" xsi:type="FieldConditionInput"/>
                  </input>
                </errorMessage>
              </rule>
            </businessrules>
          </configuration>
          <dragpoints>
            <dragpoint identifier="Accepted" name="shape36.dragpoint1" text="Accepted" toShape="shape28" x="1568.0" y="120.0"/>
            <dragpoint identifier="Rejected" name="shape36.dragpoint2" text="Rejected" toShape="shape22" x="1568.0" y="248.0"/>
          </dragpoints>
        </shape>
        <shape image="businessrules_icon" name="shape37" shapetype="businessrules" userlabel="Orighirdate from Expats" x="895.0" y="16.0">
          <configuration>
            <businessrules profileId="b3a5d5ef-2ad2-43a4-98dd-646c12e74af9" profileName="SuccessFactors CompoundEmployee QUERY Response" profileType="profile.xml">
              <rule key="1" name="Check if Expat">
                <input alias="employee_class" elementKey="24720" id="1" name="employee_class (CompoundEmployee/person/employment_information/job_information/employee_class)" taglist="0" xsi:type="BusinessRuleField"/>
                <condition operator="and" xsi:type="GroupingCondition">
                  <nestedExpression operator="=" xsi:type="SimpleCondition">
                    <leftInput deleted="false" id="1" name="employee_class" xsi:type="FieldConditionInput"/>
                    <rightInput deleted="false" id="0" name="&quot;E&quot;" value="E" xsi:type="StaticConditionInput"/>
                  </nestedExpression>
                </condition>
                <errorMessage/>
              </rule>
            </businessrules>
          </configuration>
          <dragpoints>
            <dragpoint identifier="Accepted" name="shape37.dragpoint1" text="Accepted" toShape="shape39" x="1136.0" y="24.0"/>
            <dragpoint identifier="Rejected" name="shape37.dragpoint2" text="Rejected" toShape="shape18" x="1136.0" y="88.0"/>
          </dragpoints>
        </shape>
        <shape image="doccacheload_icon" name="shape39" shapetype="doccacheload" userlabel="" x="1151.0" y="16.0">
          <configuration>
            <doccacheload docCache="a77d2345-1a73-44fd-8386-d4ee281812b7"/>
          </configuration>
          <dragpoints/>
        </shape>
        <shape image="branch_icon" name="shape40" shapetype="branch" userlabel="" x="767.0" y="96.0">
          <configuration>
            <branch numBranches="2"/>
          </configuration>
          <dragpoints>
            <dragpoint identifier="1" name="shape40.dragpoint1" text="1" toShape="shape37" x="880.0" y="24.0"/>
            <dragpoint identifier="2" name="shape40.dragpoint2" text="2" toShape="shape17" x="880.0" y="216.0"/>
          </dragpoints>
        </shape>
        <shape image="stop_icon" name="shape41" shapetype="stop" userlabel="" x="1039.0" y="352.0">
          <configuration>
            <stop continue="true"/>
          </configuration>
          <dragpoints/>
        </shape>
        <shape image="decision_icon" name="shape44" shapetype="decision" userlabel="end_date_check" x="1103.0" y="272.0">
          <configuration>
            <decision comparison="equals" name="end_date_check">
              <decisionvalue valueType="profile">
                <profileelement elementId="21794" elementName="end_date (CompoundEmployee/person/employment_information/end_date)" profileId="b3a5d5ef-2ad2-43a4-98dd-646c12e74af9" profileType="profile.xml"/>
              </decisionvalue>
              <decisionvalue valueType="static">
                <staticparameter staticproperty=""/>
              </decisionvalue>
            </decision>
          </configuration>
          <dragpoints>
            <dragpoint identifier="true" name="shape44.dragpoint1" text="True" toShape="unset" x="1204.0" y="258.0"/>
            <dragpoint identifier="false" name="shape44.dragpoint2" text="False" toShape="shape45" x="1215.0" y="328.0"/>
          </dragpoints>
        </shape>
        <shape image="stop_icon" name="shape45" shapetype="stop" userlabel="" x="1231.0" y="320.0">
          <configuration>
            <stop continue="true"/>
          </configuration>
          <dragpoints/>
        </shape>
      </shapes>
    </process>
  </bns:object>
  <bns:processOverrides/>
</bns:Component>