<?xml version="1.0" ?>
<shape image="processcall_icon" name="shape5" shapetype="processcall" userlabel="" x="527.0" y="240.0">
  <configuration>
    <processcall abort="true" processId="0d726a4c-bc0e-4aef-b089-8ec52e30df99" wait="true">
      <parameters/>
      <returnpaths>
        <returnpaths childShapeName="shape6" returnLabel="Error Documents"/>
        <returnpaths childShapeName="shape7" returnLabel="Valid Documents"/>
      </returnpaths>
    </processcall>
  </configuration>
  <dragpoints>
    <dragpoint identifier="shape6" name="shape5.dragpoint1" text="Error Documents" toShape="shape7" x="656.0" y="424.0"/>
    <dragpoint identifier="shape7" name="shape5.dragpoint2" text="Valid Documents" toShape="shape16" x="656.0" y="104.0"/>
  </dragpoints>
</shape>