<?xml version="1.0" ?>
<shape image="dataprocess_icon" name="shape7" shapetype="dataprocess" userlabel="SplitON Log_Item" x="671.0" y="416.0">
  <configuration>
    <dataprocess>
      <step index="1" key="1" name="Split Documents" processtype="8">
        <documentsplit profileType="xml">
          <SplitOptions>
            <XMLOptions linkElementKey="20650" linkElementName="log_item (CompoundEmployee/log/log_item)" profileId="b3a5d5ef-2ad2-43a4-98dd-646c12e74af9"/>
          </SplitOptions>
        </documentsplit>
      </step>
    </dataprocess>
  </configuration>
  <dragpoints>
    <dragpoint name="shape7.dragpoint1" toShape="shape8" x="816.0" y="424.0"/>
  </dragpoints>
</shape>