<?xml version="1.0" ?>
<bns:Component xmlns:xsi="http://www.w3.org/2001/XMLSchema-instance" xmlns:bns="http://api.platform.boomi.com/" folderFullPath="PepsiCo/2.0 Development/2.1 Global Integrations/EC372 - EC to NAVEX (OB)" componentId="64b9abe3-abda-4870-9f5e-8c396a593a03" version="1" name="error_message_map" type="transform.map" createdDate="2018-04-12T11:28:29Z" createdBy="Deep.Singh.Chauhan@accenture.com" modifiedDate="2018-04-12T11:28:29Z" modifiedBy="Deep.Singh.Chauhan@accenture.com" deleted="false" currentVersion="true" folderName="EC372 - EC to NAVEX (OB)" folderId="RjoxOTM3OTEx" branchName="main" branchId="QjoyOTk5NDY">
  <bns:encryptedValues/>
  <bns:description/>
  <bns:object>
    <Map xmlns="" fromProfile="b3a5d5ef-2ad2-43a4-98dd-646c12e74af9" toProfile="6ce29652-05c5-45cf-ac3e-fa1768a4d08d">
      <Mappings>
        <Mapping fromKey="26623" fromKeyPath="*[@key='1']/*[@key='20448']/*[@key='20650']/*[@key='26623']" fromNamePath="CompoundEmployee/log/log_item/person_id_external" fromType="profile" toKey="3" toKeyPath="*[@key='1']/*[@key='2']/*[@key='3']" toNamePath="Record/Elements/GPID" toType="profile"/>
        <Mapping fromKey="26624" fromKeyPath="*[@key='1']/*[@key='20448']/*[@key='20650']/*[@key='26624']" fromNamePath="CompoundEmployee/log/log_item/severity" fromType="profile" toKey="4" toKeyPath="*[@key='1']/*[@key='2']/*[@key='4']" toNamePath="Record/Elements/Severity" toType="profile"/>
        <Mapping fromKey="22784" fromKeyPath="*[@key='1']/*[@key='20448']/*[@key='20650']/*[@key='22784']" fromNamePath="CompoundEmployee/log/log_item/message_text" fromType="profile" toKey="5" toKeyPath="*[@key='1']/*[@key='2']/*[@key='5']" toNamePath="Record/Elements/Error text" toType="profile"/>
      </Mappings>
      <Functions optimizeExecutionOrder="true"/>
      <Defaults/>
      <DocumentCacheJoins/>
    </Map>
  </bns:object>
</bns:Component>