<?xml version="1.0" ?>
<shape image="dataprocess_icon" name="shape10" shapetype="dataprocess" userlabel="Combine Documents" x="975.0" y="416.0">
  <configuration>
    <dataprocess>
      <step index="1" key="1" name="Combine Documents" processtype="9">
        <dataprocesscombine profileType="flatfile">
          <FFOptions freeFormFooter="" freeFormHeader="" headersOption="none"/>
        </dataprocesscombine>
      </step>
    </dataprocess>
  </configuration>
  <dragpoints>
    <dragpoint name="shape10.dragpoint1" toShape="shape9" x="1120.0" y="424.0"/>
  </dragpoints>
</shape>