<?xml version="1.0" ?>
<bns:Component xmlns:xsi="http://www.w3.org/2001/XMLSchema-instance" xmlns:bns="http://api.platform.boomi.com/" folderFullPath="PepsiCo" componentId="f2cafa9e-8850-4b68-b857-d4ee5a1c8b98" version="4" name="Mail Server" type="connector-settings" subType="mail" createdDate="2013-11-13T23:22:23Z" createdBy="bgogineni@successfactors.com" modifiedDate="2016-06-24T12:39:13Z" modifiedBy="bhargav.gogineni@sap.com" deleted="false" currentVersion="true" folderName="PepsiCo" folderId="RjoyOTQ1MTc" branchName="main" branchId="QjoyOTk5NDY">
  <bns:encryptedValues/>
  <bns:description>SF mail server configuration
New Server: prodmail8c.successfactors.com
Old one: 10.4.10.100</bns:description>
  <bns:object>
    <MailSettings xmlns="" host="prodmail8c.successfactors.com" port="25" usesmtpauth="false" usessl="false" usetls="false">
      <AuthSettings user=""/>
    </MailSettings>
  </bns:object>
</bns:Component>