<?xml version="1.0" ?>
<bns:Component xmlns:xsi="http://www.w3.org/2001/XMLSchema-instance" xmlns:bns="http://api.platform.boomi.com/" folderFullPath="PepsiCo/2.0 Development/2.1 Global Integrations/EC372 - EC to NAVEX (OB)" componentId="26d80be8-bc3e-4f78-b113-4c6bc769d1eb" version="1" name="Send File to PepsiCo SFTP" type="connector-action" subType="sftp" createdDate="2018-04-12T11:39:50Z" createdBy="Deep.Singh.Chauhan@accenture.com" modifiedDate="2018-04-12T11:39:50Z" modifiedBy="Deep.Singh.Chauhan@accenture.com" deleted="false" currentVersion="true" folderName="EC372 - EC to NAVEX (OB)" folderId="RjoxOTM3OTEx" branchName="main" branchId="QjoyOTk5NDY">
  <bns:encryptedValues/>
  <bns:description/>
  <bns:object>
    <Operation xmlns="">
      <Archiving directory="" enabled="false"/>
      <Configuration>
        <SFTPSendAction moveToDirectory="" moveToForceOverride="false" remoteDirectory="" sftpaction="actionputrename"/>
      </Configuration>
      <Tracking>
        <TrackedFields/>
      </Tracking>
      <Caching/>
    </Operation>
  </bns:object>
</bns:Component>