<?xml version="1.0" ?>
<bns:Component xmlns:xsi="http://www.w3.org/2001/XMLSchema-instance" xmlns:bns="http://api.platform.boomi.com/" folderFullPath="PepsiCo/2.0 Development/2.1 Global Integrations/EC372 - EC to NAVEX (OB)" componentId="a60a1c5b-c11a-417b-8b78-8be2547cbdd0" version="5" name="Demographic Data" type="profile.flatfile" createdDate="2018-04-18T06:29:51Z" createdBy="Deep.Singh.Chauhan@accenture.com" modifiedDate="2018-05-10T05:18:09Z" modifiedBy="Deep.Singh.Chauhan@accenture.com" deleted="false" currentVersion="true" folderName="EC372 - EC to NAVEX (OB)" folderId="RjoxOTM3OTEx" branchName="main" branchId="QjoyOTk5NDY">
  <bns:encryptedValues/>
  <bns:description/>
  <bns:object>
    <FlatFileProfile xmlns="" modelVersion="2" strict="true">
      <ProfileProperties>
        <GeneralInfo fileType="delimited" useColumnHeaders="false"/>
        <Options>
          <DataOptions/>
          <DelimitedOptions fileDelimiter="bardelimited" removeEscape="false" textQualifier="textqualifierdouble"/>
        </Options>
      </ProfileProperties>
      <DataElements>
        <FlatFileRecord detectFormat="numberofcolumns" isNode="true" key="1" name="Record">
          <FlatFileElements isNode="true" key="2" name="Elements">
            <FlatFileElement dataType="character" enforceUnique="true" identityValue="" isMappable="true" isNode="true" justification="left" key="3" mandatory="false" maxLength="0" minLength="0" name="GPID" useToIdentifyFormat="false" validateData="false">
              <DataFormat>
                <ProfileCharacterFormat/>
              </DataFormat>
            </FlatFileElement>
            <FlatFileElement dataType="character" enforceUnique="false" identityValue="" isMappable="true" isNode="true" justification="left" key="4" mandatory="false" maxLength="0" minLength="0" name="First Name" useToIdentifyFormat="false" validateData="false">
              <DataFormat>
                <ProfileCharacterFormat/>
              </DataFormat>
            </FlatFileElement>
            <FlatFileElement dataType="character" enforceUnique="false" identityValue="" isMappable="true" isNode="true" justification="left" key="5" mandatory="false" maxLength="0" minLength="0" name="Last Name" useToIdentifyFormat="false" validateData="false">
              <DataFormat>
                <ProfileCharacterFormat/>
              </DataFormat>
            </FlatFileElement>
            <FlatFileElement dataType="character" enforceUnique="false" identityValue="" isMappable="true" isNode="true" justification="left" key="6" mandatory="false" maxLength="0" minLength="0" name="emplStatus" useToIdentifyFormat="false" validateData="false">
              <DataFormat>
                <ProfileCharacterFormat/>
              </DataFormat>
            </FlatFileElement>
            <FlatFileElement dataType="character" enforceUnique="false" identityValue="" isMappable="true" isNode="true" justification="left" key="7" mandatory="false" maxLength="0" minLength="0" name="employee-class" useToIdentifyFormat="false" validateData="false">
              <DataFormat>
                <ProfileCharacterFormat/>
              </DataFormat>
            </FlatFileElement>
            <FlatFileElement dataType="datetime" enforceUnique="false" identityValue="" isMappable="true" isNode="true" justification="left" key="8" mandatory="false" maxLength="0" minLength="0" name="Original Hire Date" useToIdentifyFormat="false" validateData="false">
              <DataFormat>
                <ProfileDateFormat dateFormat="MM/dd/yyyy"/>
              </DataFormat>
            </FlatFileElement>
            <FlatFileElement dataType="character" enforceUnique="false" identityValue="" isMappable="true" isNode="true" justification="left" key="9" mandatory="false" maxLength="0" minLength="0" name="pay-grade" useToIdentifyFormat="false" validateData="false">
              <DataFormat>
                <ProfileCharacterFormat/>
              </DataFormat>
            </FlatFileElement>
            <FlatFileElement dataType="character" enforceUnique="false" identityValue="" isMappable="true" isNode="true" justification="left" key="10" mandatory="false" maxLength="0" minLength="0" name="Position Title" useToIdentifyFormat="false" validateData="false">
              <DataFormat>
                <ProfileCharacterFormat/>
              </DataFormat>
            </FlatFileElement>
            <FlatFileElement dataType="character" enforceUnique="false" identityValue="" isMappable="true" isNode="true" justification="left" key="11" mandatory="false" maxLength="0" minLength="0" name="location" useToIdentifyFormat="false" validateData="false">
              <DataFormat>
                <ProfileCharacterFormat/>
              </DataFormat>
            </FlatFileElement>
            <FlatFileElement dataType="character" enforceUnique="false" identityValue="" isMappable="true" isNode="true" justification="left" key="12" mandatory="false" maxLength="0" minLength="0" name="Sector" useToIdentifyFormat="false" validateData="false">
              <DataFormat>
                <ProfileCharacterFormat/>
              </DataFormat>
            </FlatFileElement>
            <FlatFileElement dataType="character" enforceUnique="false" identityValue="" isMappable="true" isNode="true" justification="left" key="13" mandatory="false" maxLength="0" minLength="0" name="Country" useToIdentifyFormat="false" validateData="false">
              <DataFormat>
                <ProfileCharacterFormat/>
              </DataFormat>
            </FlatFileElement>
            <FlatFileElement dataType="character" enforceUnique="false" identityValue="" isMappable="true" isNode="true" justification="left" key="14" mandatory="false" maxLength="0" minLength="0" name="Region" useToIdentifyFormat="false" validateData="false">
              <DataFormat>
                <ProfileCharacterFormat/>
              </DataFormat>
            </FlatFileElement>
            <FlatFileElement dataType="character" enforceUnique="false" identityValue="" isMappable="true" isNode="true" justification="left" key="15" mandatory="false" maxLength="0" minLength="0" name="manager-id" useToIdentifyFormat="false" validateData="false">
              <DataFormat>
                <ProfileCharacterFormat/>
              </DataFormat>
            </FlatFileElement>
            <FlatFileElement dataType="character" enforceUnique="false" identityValue="" isMappable="true" isNode="true" justification="left" key="16" mandatory="false" maxLength="0" minLength="0" name="Manager name" useToIdentifyFormat="false" validateData="false">
              <DataFormat>
                <ProfileCharacterFormat/>
              </DataFormat>
            </FlatFileElement>
            <FlatFileElement dataType="character" enforceUnique="false" identityValue="" isMappable="true" isNode="true" justification="left" key="17" mandatory="false" maxLength="0" minLength="0" name="Is Union Employee" useToIdentifyFormat="false" validateData="false">
              <DataFormat>
                <ProfileCharacterFormat/>
              </DataFormat>
            </FlatFileElement>
            <FlatFileElement dataType="character" enforceUnique="false" identityValue="" isMappable="true" isNode="true" justification="left" key="18" mandatory="false" maxLength="0" minLength="0" name="Participating in Union" useToIdentifyFormat="false" validateData="false">
              <DataFormat>
                <ProfileCharacterFormat/>
              </DataFormat>
            </FlatFileElement>
            <FlatFileElement dataType="character" enforceUnique="false" identityValue="" isMappable="true" isNode="true" justification="left" key="19" mandatory="false" maxLength="0" minLength="0" name="Email Address" useToIdentifyFormat="false" validateData="false">
              <DataFormat>
                <ProfileCharacterFormat/>
              </DataFormat>
            </FlatFileElement>
            <FlatFileElement dataType="character" enforceUnique="false" identityValue="" isMappable="true" isNode="true" justification="left" key="20" mandatory="false" maxLength="0" minLength="0" name="Relationship Type" useToIdentifyFormat="false" validateData="false">
              <DataFormat>
                <ProfileCharacterFormat/>
              </DataFormat>
            </FlatFileElement>
            <FlatFileElement dataType="character" enforceUnique="false" identityValue="" isMappable="true" isNode="true" justification="left" key="21" mandatory="false" maxLength="0" minLength="0" name="User ID" useToIdentifyFormat="false" validateData="false">
              <DataFormat>
                <ProfileCharacterFormat/>
              </DataFormat>
            </FlatFileElement>
            <FlatFileElement dataType="character" enforceUnique="false" identityValue="" isMappable="true" isNode="true" justification="left" key="22" mandatory="false" maxLength="0" minLength="0" name="HRA Manager name" useToIdentifyFormat="false" validateData="false">
              <DataFormat>
                <ProfileCharacterFormat/>
              </DataFormat>
            </FlatFileElement>
            <FlatFileElement dataType="datetime" enforceUnique="false" identityValue="" isMappable="true" isNode="true" justification="left" key="23" mandatory="false" maxLength="0" minLength="0" name="Termination Date" useToIdentifyFormat="false" validateData="false">
              <DataFormat>
                <ProfileDateFormat dateFormat="MM/dd/yyyy"/>
              </DataFormat>
            </FlatFileElement>
            <FlatFileElement dataType="character" enforceUnique="false" identityValue="" isMappable="true" isNode="true" justification="left" key="24" mandatory="false" maxLength="0" minLength="0" name="Termination Reason" useToIdentifyFormat="false" validateData="false">
              <DataFormat>
                <ProfileCharacterFormat/>
              </DataFormat>
            </FlatFileElement>
          </FlatFileElements>
        </FlatFileRecord>
      </DataElements>
    </FlatFileProfile>
  </bns:object>
</bns:Component>