<?xml version="1.0" ?>
<shape xmlns:xsi="http://www.w3.org/2001/XMLSchema-instance" image="businessrules_icon" name="shape36" shapetype="businessrules" userlabel="Hard errors" x="1407.0" y="208.0">
  <configuration>
    <businessrules profileId="a60a1c5b-c11a-417b-8b78-8be2547cbdd0" profileName="Demographic Data" profileType="profile.flatfile">
      <rule key="1" name="Manager id check">
        <input alias="manager-id" elementKey="15" id="1" name="manager-id (Record/Elements/manager-id)" taglist="0" xsi:type="BusinessRuleField"/>
        <input alias="GPID" elementKey="3" id="2" name="GPID (Record/Elements/GPID)" taglist="0" xsi:type="BusinessRuleField"/>
        <condition operator="and" xsi:type="GroupingCondition">
          <nestedExpression operator="is not empty" xsi:type="SimpleCondition">
            <leftInput deleted="false" id="1" name="manager-id" xsi:type="FieldConditionInput"/>
          </nestedExpression>
        </condition>
        <errorMessage content="Error|{1}|Manager ID|Required field not populated">
          <input index="1">
            <input deleted="false" id="2" name="GPID" xsi:type="FieldConditionInput"/>
          </input>
        </errorMessage>
      </rule>
      <rule key="2" name="first name check">
        <input alias="First Name" elementKey="4" id="1" name="First Name (Record/Elements/First Name)" taglist="0" xsi:type="BusinessRuleField"/>
        <input alias="GPID" elementKey="3" id="2" name="GPID (Record/Elements/GPID)" taglist="0" xsi:type="BusinessRuleField"/>
        <condition operator="and" xsi:type="GroupingCondition">
          <nestedExpression operator="is not empty" xsi:type="SimpleCondition">
            <leftInput deleted="false" id="1" name="First Name" xsi:type="FieldConditionInput"/>
          </nestedExpression>
        </condition>
        <errorMessage content="Error|{1}|First Name|Required field not populated">
          <input index="1">
            <input deleted="false" id="2" name="GPID" xsi:type="FieldConditionInput"/>
          </input>
        </errorMessage>
      </rule>
      <rule key="3" name="last name check">
        <input alias="Last Name" elementKey="5" id="1" name="Last Name (Record/Elements/Last Name)" taglist="0" xsi:type="BusinessRuleField"/>
        <input alias="GPID" elementKey="3" id="2" name="GPID (Record/Elements/GPID)" taglist="0" xsi:type="BusinessRuleField"/>
        <condition operator="and" xsi:type="GroupingCondition">
          <nestedExpression operator="is not empty" xsi:type="SimpleCondition">
            <leftInput deleted="false" id="1" name="Last Name" xsi:type="FieldConditionInput"/>
          </nestedExpression>
        </condition>
        <errorMessage content="Error|{1}|Last Name|Required field not populated">
          <input index="1">
            <input deleted="false" id="2" name="GPID" xsi:type="FieldConditionInput"/>
          </input>
        </errorMessage>
      </rule>
      <rule key="4" name="emplstatus check">
        <input alias="emplStatus" elementKey="6" id="1" name="emplStatus (Record/Elements/emplStatus)" taglist="0" xsi:type="BusinessRuleField"/>
        <input alias="GPID" elementKey="3" id="2" name="GPID (Record/Elements/GPID)" taglist="0" xsi:type="BusinessRuleField"/>
        <condition operator="and" xsi:type="GroupingCondition">
          <nestedExpression operator="is not empty" xsi:type="SimpleCondition">
            <leftInput deleted="false" id="1" name="emplStatus" xsi:type="FieldConditionInput"/>
          </nestedExpression>
        </condition>
        <errorMessage content="Error|{1}|emplStatus|Required field not populated">
          <input index="1">
            <input deleted="false" id="2" name="GPID" xsi:type="FieldConditionInput"/>
          </input>
        </errorMessage>
      </rule>
      <rule key="5" name="empclass check">
        <input alias="employee-class" elementKey="7" id="1" name="employee-class (Record/Elements/employee-class)" taglist="0" xsi:type="BusinessRuleField"/>
        <input alias="GPID" elementKey="3" id="2" name="GPID (Record/Elements/GPID)" taglist="0" xsi:type="BusinessRuleField"/>
        <condition operator="and" xsi:type="GroupingCondition">
          <nestedExpression operator="is not empty" xsi:type="SimpleCondition">
            <leftInput deleted="false" id="1" name="employee-class" xsi:type="FieldConditionInput"/>
          </nestedExpression>
        </condition>
        <errorMessage content="Error|{1}|employee-class|Required field not populated">
          <input index="1">
            <input deleted="false" id="2" name="GPID" xsi:type="FieldConditionInput"/>
          </input>
        </errorMessage>
      </rule>
      <rule key="6" name="orig hire date check">
        <input alias="Original Hire Date" elementKey="8" id="1" name="Original Hire Date (Record/Elements/Original Hire Date)" taglist="0" xsi:type="BusinessRuleField"/>
        <input alias="GPID" elementKey="3" id="2" name="GPID (Record/Elements/GPID)" taglist="0" xsi:type="BusinessRuleField"/>
        <condition operator="and" xsi:type="GroupingCondition">
          <nestedExpression operator="is not empty" xsi:type="SimpleCondition">
            <leftInput deleted="false" id="1" name="Original Hire Date" xsi:type="FieldConditionInput"/>
          </nestedExpression>
        </condition>
        <errorMessage content="Error|{1}|Original Hire Date|Required field not populated">
          <input index="1">
            <input deleted="false" id="2" name="GPID" xsi:type="FieldConditionInput"/>
          </input>
        </errorMessage>
      </rule>
      <rule key="7" name="pay grade check">
        <input alias="pay-grade" elementKey="9" id="1" name="pay-grade (Record/Elements/pay-grade)" taglist="0" xsi:type="BusinessRuleField"/>
        <input alias="GPID" elementKey="3" id="2" name="GPID (Record/Elements/GPID)" taglist="0" xsi:type="BusinessRuleField"/>
        <condition operator="and" xsi:type="GroupingCondition">
          <nestedExpression operator="is not empty" xsi:type="SimpleCondition">
            <leftInput deleted="false" id="1" name="pay-grade" xsi:type="FieldConditionInput"/>
          </nestedExpression>
        </condition>
        <errorMessage content="Error|{1}|pay-grade|Required field not populated">
          <input index="1">
            <input deleted="false" id="2" name="GPID" xsi:type="FieldConditionInput"/>
          </input>
        </errorMessage>
      </rule>
      <rule key="8" name="location check">
        <input alias="location" elementKey="11" id="1" name="location (Record/Elements/location)" taglist="0" xsi:type="BusinessRuleField"/>
        <input alias="GPID" elementKey="3" id="2" name="GPID (Record/Elements/GPID)" taglist="0" xsi:type="BusinessRuleField"/>
        <condition operator="and" xsi:type="GroupingCondition">
          <nestedExpression operator="is not empty" xsi:type="SimpleCondition">
            <leftInput deleted="false" id="1" name="location" xsi:type="FieldConditionInput"/>
          </nestedExpression>
        </condition>
        <errorMessage content="Error|{1}|location|Required field not populated">
          <input index="1">
            <input deleted="false" id="2" name="GPID" xsi:type="FieldConditionInput"/>
          </input>
        </errorMessage>
      </rule>
      <rule key="9" name="sector check">
        <input alias="Sector" elementKey="12" id="1" name="Sector (Record/Elements/Sector)" taglist="0" xsi:type="BusinessRuleField"/>
        <input alias="GPID" elementKey="3" id="2" name="GPID (Record/Elements/GPID)" taglist="0" xsi:type="BusinessRuleField"/>
        <condition operator="and" xsi:type="GroupingCondition">
          <nestedExpression operator="is not empty" xsi:type="SimpleCondition">
            <leftInput deleted="false" id="1" name="Sector" xsi:type="FieldConditionInput"/>
          </nestedExpression>
        </condition>
        <errorMessage content="Error|{1}|Sector|Required field not populated">
          <input index="1">
            <input deleted="false" id="2" name="GPID" xsi:type="FieldConditionInput"/>
          </input>
        </errorMessage>
      </rule>
      <rule key="10" name="Region check">
        <input alias="Region" elementKey="14" id="1" name="Region (Record/Elements/Region)" taglist="0" xsi:type="BusinessRuleField"/>
        <input alias="GPID" elementKey="3" id="2" name="GPID (Record/Elements/GPID)" taglist="0" xsi:type="BusinessRuleField"/>
        <condition operator="and" xsi:type="GroupingCondition">
          <nestedExpression operator="is not empty" xsi:type="SimpleCondition">
            <leftInput deleted="false" id="1" name="Region" xsi:type="FieldConditionInput"/>
          </nestedExpression>
        </condition>
        <errorMessage content="Error|{1}|Region|Required field not populated">
          <input index="1">
            <input deleted="false" id="2" name="GPID" xsi:type="FieldConditionInput"/>
          </input>
        </errorMessage>
      </rule>
      <rule key="11" name="Mgr name check">
        <input alias="Manager name" elementKey="16" id="1" name="Manager name (Record/Elements/Manager name)" taglist="0" xsi:type="BusinessRuleField"/>
        <input alias="GPID" elementKey="3" id="2" name="GPID (Record/Elements/GPID)" taglist="0" xsi:type="BusinessRuleField"/>
        <condition operator="and" xsi:type="GroupingCondition">
          <nestedExpression operator="is not empty" xsi:type="SimpleCondition">
            <leftInput deleted="false" id="1" name="Manager name" xsi:type="FieldConditionInput"/>
          </nestedExpression>
          <nestedExpression operator="!=" xsi:type="SimpleCondition">
            <leftInput deleted="false" id="1" name="Manager name" xsi:type="FieldConditionInput"/>
            <rightInput deleted="false" id="0" name="&quot; &quot;" value=" " xsi:type="StaticConditionInput"/>
          </nestedExpression>
        </condition>
        <errorMessage content="Error|{1}|Manager name|Required field not populated">
          <input index="1">
            <input deleted="false" id="2" name="GPID" xsi:type="FieldConditionInput"/>
          </input>
        </errorMessage>
      </rule>
      <rule key="12" name="GPID length check">
        <input alias="gpid length" id="1" xsi:type="BusinessRuleFunction">
          <inputMapping fromElementKey="3" fromName="GPID (Record/Elements/GPID)" fromTaglist="0" toFunctionInputKey="1"/>
          <FunctionStep cacheEnabled="false" category="Scripting" key="1" name="Scripting" position="-1" type="Scripting">
            <Inputs>
              <Input default="" key="1" name="gpid"/>
            </Inputs>
            <Outputs>
              <Output key="2" name="len"/>
            </Outputs>
            <Configuration>
              <Scripting language="groovy">
                <ScriptToExecute>len=gpid.length();</ScriptToExecute>
                <Input dataType="character" index="1" name="gpid"/>
                <Output index="2" name="len"/>
              </Scripting>
            </Configuration>
          </FunctionStep>
        </input>
        <input alias="GPID" elementKey="3" id="2" name="GPID (Record/Elements/GPID)" taglist="0" xsi:type="BusinessRuleField"/>
        <condition operator="and" xsi:type="GroupingCondition">
          <nestedExpression operator="&gt;=" xsi:type="SimpleCondition">
            <leftInput deleted="false" id="1" name="gpid length" outputId="2" xsi:type="FunctionConditionInput"/>
            <rightInput deleted="false" id="0" name="&quot;8&quot;" value="8" xsi:type="StaticConditionInput"/>
          </nestedExpression>
        </condition>
        <errorMessage content="Error|{1}|GPID|GPID Length is less than 8">
          <input index="1">
            <input deleted="false" id="2" name="GPID" xsi:type="FieldConditionInput"/>
          </input>
        </errorMessage>
      </rule>
    </businessrules>
  </configuration>
  <dragpoints>
    <dragpoint identifier="Accepted" name="shape36.dragpoint1" text="Accepted" toShape="shape28" x="1568.0" y="120.0"/>
    <dragpoint identifier="Rejected" name="shape36.dragpoint2" text="Rejected" toShape="shape22" x="1568.0" y="248.0"/>
  </dragpoints>
</shape>