<?xml version="1.0" ?>
<shape image="documentproperties_icon" name="shape28" shapetype="documentproperties" userlabel="Set Success Counts PCR" x="1583.0" y="112.0">
  <configuration>
    <documentproperties>
      <documentproperty defaultValue="" isTradingPartner="false" name="Dynamic Process Property - RPT_SUC_PRCSS_NAME" persist="false" propertyId="process.RPT_SUC_PRCSS_NAME">
        <sourcevalues>
          <parametervalue key="7" valueType="static">
            <staticparameter staticproperty="Sub: Extract Data"/>
          </parametervalue>
        </sourcevalues>
      </documentproperty>
      <documentproperty defaultValue="" isTradingPartner="false" name="Dynamic Process Property - RPT_SUC_FILE_NAME" persist="false" propertyId="process.RPT_SUC_FILE_NAME">
        <sourcevalues>
          <parametervalue key="4" valueType="static">
            <staticparameter staticproperty="SFEC.NAVEX.GBL.EC372.NAVEX_demographic_data."/>
          </parametervalue>
          <parametervalue key="5" valueType="date">
            <dateparameter dateparametertype="current" datetimemask="yyyyMMdd HHmmss"/>
          </parametervalue>
          <parametervalue key="6" valueType="static">
            <staticparameter staticproperty=".txt"/>
          </parametervalue>
        </sourcevalues>
      </documentproperty>
      <documentproperty defaultValue="" isTradingPartner="false" name="Dynamic Process Property - RPT_SUC_REC_TYPE" persist="false" propertyId="process.RPT_SUC_REC_TYPE">
        <sourcevalues>
          <parametervalue key="3" valueType="static">
            <staticparameter staticproperty="Payment Data File"/>
          </parametervalue>
        </sourcevalues>
      </documentproperty>
      <documentproperty defaultValue="" isTradingPartner="false" name="Dynamic Process Property - IFLOW_DOCUMENT_COUNT_PROPERTY" persist="false" propertyId="process.IFLOW_DOCUMENT_COUNT_PROPERTY">
        <sourcevalues>
          <parametervalue key="2" valueType="static">
            <staticparameter staticproperty="PCRCount"/>
          </parametervalue>
        </sourcevalues>
      </documentproperty>
    </documentproperties>
  </configuration>
  <dragpoints>
    <dragpoint name="shape28.dragpoint1" toShape="shape29" x="1759.0" y="120.0"/>
  </dragpoints>
</shape>