<?xml version="1.0" ?>
<shape image="processcall_icon" name="shape29" shapetype="processcall" userlabel="" x="1775.0" y="112.0">
  <configuration>
    <processcall abort="true" processId="253fad3c-53c5-41de-b5f9-24b93a60b89f" wait="true">
      <parameters/>
      <returnpaths>
        <returnpaths childShapeName="shape3" returnLabel=""/>
      </returnpaths>
    </processcall>
  </configuration>
  <dragpoints>
    <dragpoint identifier="shape3" name="shape29.dragpoint1" toShape="shape30" x="1903.0" y="120.0"/>
  </dragpoints>
</shape>