<?xml version="1.0" ?>
<shape image="processcall_icon" name="shape32" shapetype="processcall" userlabel="" x="2303.0" y="112.0">
  <configuration>
    <processcall abort="true" processId="fa9d463d-472b-4590-bd31-cac9e077c72e" wait="true">
      <parameters/>
      <returnpaths>
        <returnpaths childShapeName="shape7" returnLabel=""/>
      </returnpaths>
    </processcall>
  </configuration>
  <dragpoints>
    <dragpoint identifier="shape7" name="shape32.dragpoint1" toShape="shape33" x="2464.0" y="120.0"/>
  </dragpoints>
</shape>