<?xml version="1.0" ?>
<shape image="dataprocess_icon" name="shape33" shapetype="dataprocess" userlabel="" x="2479.0" y="112.0">
  <configuration>
    <dataprocess>
      <step index="1" key="1" name="Combine Documents" processtype="9">
        <dataprocesscombine profileType="flatfile">
          <FFOptions freeFormFooter="" freeFormHeader="" headersOption="none"/>
        </dataprocesscombine>
      </step>
    </dataprocess>
  </configuration>
  <dragpoints>
    <dragpoint name="shape33.dragpoint1" toShape="shape35" x="2608.0" y="120.0"/>
  </dragpoints>
</shape>