<?xml version="1.0" ?>
<shape image="documentproperties_icon" name="shape35" shapetype="documentproperties" userlabel="Set FileName" x="2623.0" y="112.0">
  <configuration>
    <documentproperties>
      <documentproperty defaultValue="" isTradingPartner="false" name="Dynamic Process Property - File_Name" persist="false" propertyId="process.File_Name">
        <sourcevalues>
          <parametervalue key="1" valueType="static">
            <staticparameter staticproperty="SFEC.NAVEX.GBL.EC372.NAVEX_demographic_data."/>
          </parametervalue>
          <parametervalue key="2" valueType="date">
            <dateparameter dateparametertype="current" datetimemask="yyyyMMddHHmmss"/>
          </parametervalue>
          <parametervalue key="3" valueType="static">
            <staticparameter staticproperty=".txt"/>
          </parametervalue>
        </sourcevalues>
      </documentproperty>
    </documentproperties>
  </configuration>
  <dragpoints>
    <dragpoint name="shape35.dragpoint1" toShape="shape34" x="2736.0" y="120.0"/>
  </dragpoints>
</shape>