<?xml version="1.0" ?>
<shape image="documentproperties_icon" name="shape23" shapetype="documentproperties" userlabel="Set Error Message Properties" x="1855.0" y="240.0">
  <configuration>
    <documentproperties>
      <documentproperty defaultValue="" isTradingPartner="false" name="Dynamic Process Property - RPT_ERR_MSG_FRGMNT_FLAG" persist="false" propertyId="process.RPT_ERR_MSG_FRGMNT_FLAG">
        <sourcevalues>
          <parametervalue key="1" valueType="static">
            <staticparameter staticproperty="true"/>
          </parametervalue>
        </sourcevalues>
      </documentproperty>
      <documentproperty defaultValue="" isTradingPartner="false" name="Dynamic Process Property - RPT_ERR_MSG_BRULE_PROF_TYPE" persist="false" propertyId="process.RPT_ERR_MSG_BRULE_PROF_TYPE">
        <sourcevalues>
          <parametervalue key="2" valueType="static">
            <staticparameter staticproperty="XML"/>
          </parametervalue>
        </sourcevalues>
      </documentproperty>
      <documentproperty defaultValue="" isTradingPartner="false" name="Dynamic Process Property - RPT_ERR_MSG_BRULE_KEY_DATA_DELIM" persist="false" propertyId="process.RPT_ERR_MSG_BRULE_KEY_DATA_DELIM">
        <sourcevalues>
          <parametervalue key="3" valueType="static">
            <staticparameter staticproperty="_"/>
          </parametervalue>
        </sourcevalues>
      </documentproperty>
      <documentproperty defaultValue="" isTradingPartner="false" name="Dynamic Process Property - RPT_ERR_MSG_BRULE_DATA_KEY_COLS" persist="false" propertyId="process.RPT_ERR_MSG_BRULE_DATA_KEY_COLS">
        <sourcevalues>
          <parametervalue key="4" valueType="static">
            <staticparameter staticproperty="/CompoundEmployee/person/person_id_external"/>
          </parametervalue>
        </sourcevalues>
      </documentproperty>
      <documentproperty defaultValue="" isTradingPartner="false" name="Dynamic Process Property - RPT_ERR_SVRTY_LVL" persist="false" propertyId="process.RPT_ERR_SVRTY_LVL">
        <sourcevalues>
          <parametervalue key="5" valueType="static">
            <staticparameter staticproperty="ERR"/>
          </parametervalue>
        </sourcevalues>
      </documentproperty>
    </documentproperties>
  </configuration>
  <dragpoints>
    <dragpoint name="shape23.dragpoint1" toShape="shape24" x="2048.0" y="248.0"/>
  </dragpoints>
</shape>