<?xml version="1.0" ?>
<shape image="dataprocess_icon" name="shape24" shapetype="dataprocess" userlabel="Total Error Count" x="2063.0" y="240.0">
  <configuration>
    <dataprocess>
      <step index="1" key="1" name="Custom Scripting" processtype="12">
        <dataprocessscript language="groovy">
          <script>import java.util.Properties;
import java.io.InputStream;
import com.boomi.execution.ExecutionUtil;
import com.boomi.execution.ExecutionManager;
propValue = ExecutionUtil.getDynamicProcessProperty(&quot;DemographicErrorCount&quot;);
int intValue = Integer.parseInt(propValue);
for( int i = 0; i &lt; dataContext.getDataCount(); i++ )
{
InputStream is = dataContext.getStream(i);
Properties props = dataContext.getProperties(i);
dataContext.storeStream(is, props);
intValue = intValue + 1;
}
propValue = Integer.toString(intValue);
ExecutionUtil.setDynamicProcessProperty(&quot;DemographicErrorCount&quot;, propValue, false);
</script>
        </dataprocessscript>
      </step>
    </dataprocess>
  </configuration>
  <dragpoints>
    <dragpoint name="shape24.dragpoint1" toShape="shape25" x="2207.0" y="248.0"/>
  </dragpoints>
</shape>