<?xml version="1.0" ?>
<shape image="processcall_icon" name="shape25" shapetype="processcall" userlabel="" x="2223.0" y="240.0">
  <configuration>
    <processcall abort="true" processId="38090364-19f4-480b-b7be-355d22623208" wait="true">
      <parameters/>
      <returnpaths>
        <returnpaths childShapeName="shape4" returnLabel="Return Errors"/>
      </returnpaths>
    </processcall>
  </configuration>
  <dragpoints>
    <dragpoint identifier="shape4" name="shape25.dragpoint1" text="Return Errors" toShape="shape26" x="2464.0" y="248.0"/>
  </dragpoints>
</shape>