<?xml version='1.0' encoding='UTF-8'?>
<types:mule xmlns:types="http://www.mulesoft.org/schema/mule/types">
  <types:catalog>
    <types:type name="auto_6f7216fd-2695-4e81-b9ad-a8de7a836c51_Input-Variables-outboundHeaders" format="java">
      <types:shape format="weave" example="weave/autogenerated/6f7216fd-2695-4e81-b9ad-a8de7a836c51/Input-Variables-outboundHeaders.wev" autogeneratedOrigin="e56543d2-6231-482d-ae1b-0493b87d59a2"><![CDATA[%dw 2.0

type auto_6f7216fd_2695_4e81_b9ad_a8de7a836c51_Input_Variables_outboundHeaders = {|  |}

]]></types:shape>
    </types:type>
    <types:type name="auto_6f7216fd-2695-4e81-b9ad-a8de7a836c51_Output-Variables-outboundHeaders" format="java">
      <types:shape format="weave" example="weave/autogenerated/6f7216fd-2695-4e81-b9ad-a8de7a836c51/Output-Variables-outboundHeaders.wev" autogeneratedOrigin="e56543d2-6231-482d-ae1b-0493b87d59a2"><![CDATA[%dw 2.0

type auto_6f7216fd_2695_4e81_b9ad_a8de7a836c51_Output_Variables_outboundHeaders = {|  |}

]]></types:shape>
    </types:type>
    <types:type name="auto_6f7216fd-2695-4e81-b9ad-a8de7a836c51_Output-Payload" format="json">
      <types:shape format="weave" example="weave/autogenerated/6f7216fd-2695-4e81-b9ad-a8de7a836c51/Output-Payload.wev" autogeneratedOrigin="e56543d2-6231-482d-ae1b-0493b87d59a2"><![CDATA[%dw 2.0

type auto_6f7216fd_2695_4e81_b9ad_a8de7a836c51_Output_Payload = Array<{  productIdentifier: String,   price: Number,   description: String,   productName: String,   _?: Any}>

]]></types:shape>
    </types:type>
    <types:type name="auto_6f7216fd-2695-4e81-b9ad-a8de7a836c51_Output-Variables-httpStatus" format="java">
      <types:shape format="raml" autogeneratedOrigin="e56543d2-6231-482d-ae1b-0493b87d59a2"><![CDATA[#%RAML 1.0 DataType
type: string]]></types:shape>
    </types:type>
    <types:type name="auto_6f7216fd-2695-4e81-b9ad-a8de7a836c51_Input-Attributes" format="java">
      <types:shape format="weave" example="weave/autogenerated/6f7216fd-2695-4e81-b9ad-a8de7a836c51/Input-Attributes.wev" autogeneratedOrigin="e56543d2-6231-482d-ae1b-0493b87d59a2"><![CDATA[%dw 2.0

type auto_6f7216fd_2695_4e81_b9ad_a8de7a836c51_Input_Attributes = {|
  clientCertificate?: {|
    publicKey?: {|  |}, 
    "type"?: String, 
    encoded?: Binary
  |}, 
  headers: {|  |}, 
  listenerPath: String, 
  method: String, 
  queryParams: {| productIdentifier: String |}, 
  queryString: String, 
  relativePath: String, 
  remoteAddress: String, 
  requestPath: String, 
  requestUri: String, 
  scheme: String, 
  uriParams: {|  |}, 
  version: String, 
  localAddress: String
|}

]]></types:shape>
    </types:type>
    <types:type name="auto_6f7216fd-2695-4e81-b9ad-a8de7a836c51_Input-Payload" format="json">
      <types:shape format="weave" example="weave/autogenerated/6f7216fd-2695-4e81-b9ad-a8de7a836c51/Input-Payload.wev" autogeneratedOrigin="e56543d2-6231-482d-ae1b-0493b87d59a2"><![CDATA[%dw 2.0

type auto_6f7216fd_2695_4e81_b9ad_a8de7a836c51_Input_Payload = {| error: String |} {"mediaType": "application/json",
"encoding": "UTF-8"}

]]></types:shape>
    </types:type>
    <types:type name="auto_6f7216fd-2695-4e81-b9ad-a8de7a836c51_Input-Variables-httpStatus" format="java">
      <types:shape format="raml" autogeneratedOrigin="e56543d2-6231-482d-ae1b-0493b87d59a2"><![CDATA[#%RAML 1.0 DataType
type: string]]></types:shape>
    </types:type>
    <types:type name="auto_6f7216fd-2695-4e81-b9ad-a8de7a836c51_Output-Attributes" format="java">
      <types:shape format="weave" example="weave/autogenerated/6f7216fd-2695-4e81-b9ad-a8de7a836c51/Output-Attributes.wev" autogeneratedOrigin="e56543d2-6231-482d-ae1b-0493b87d59a2"><![CDATA[%dw 2.0

type auto_6f7216fd_2695_4e81_b9ad_a8de7a836c51_Output_Attributes = {|
  statusCode: Number, 
  reasonPhrase: String, 
  headers: { _?: String }
|} {"typeId": "org.mule.extension.http.api.HttpResponseAttributes",
"typeAlias": "HttpResponseAttributes"}

]]></types:shape>
    </types:type>
  </types:catalog>
  <types:enrichment select="#6f7216fd-2695-4e81-b9ad-a8de7a836c51">
    <types:processor-declaration>
      <types:input-event>
        <types:message>
          <types:payload type="auto_6f7216fd-2695-4e81-b9ad-a8de7a836c51_Input-Payload"/>
          <types:attributes type="auto_6f7216fd-2695-4e81-b9ad-a8de7a836c51_Input-Attributes"/>
        </types:message>
        <types:variables>
          <types:variable name="outboundHeaders" type="auto_6f7216fd-2695-4e81-b9ad-a8de7a836c51_Input-Variables-outboundHeaders"/>
          <types:variable name="httpStatus" type="auto_6f7216fd-2695-4e81-b9ad-a8de7a836c51_Input-Variables-httpStatus"/>
        </types:variables>
      </types:input-event>
      <types:output-event>
        <types:message>
          <types:payload type="auto_6f7216fd-2695-4e81-b9ad-a8de7a836c51_Output-Payload"/>
          <types:attributes type="auto_6f7216fd-2695-4e81-b9ad-a8de7a836c51_Output-Attributes"/>
        </types:message>
        <types:variables>
          <types:variable name="outboundHeaders" type="auto_6f7216fd-2695-4e81-b9ad-a8de7a836c51_Output-Variables-outboundHeaders"/>
          <types:variable name="httpStatus" type="auto_6f7216fd-2695-4e81-b9ad-a8de7a836c51_Output-Variables-httpStatus"/>
        </types:variables>
      </types:output-event>
    </types:processor-declaration>
  </types:enrichment>
</types:mule>