<?xml version="1.0" ?>
<shape image="start" name="shape1" shapetype="start" userlabel="" x="16.0" y="400.0">
  <configuration>
    <noaction/>
  </configuration>
  <dragpoints>
    <dragpoint name="shape1.dragpoint1" toShape="shape15" x="96.0" y="409.0">
      <linesegment length="0" name="shape1.dragpoint1.lineseg1" orient="horizontal" x="50.0" y="415.0"/>
      <linesegment length="0" name="shape1.dragpoint1.lineseg2" orient="vertical" x="50.0" y="415.0"/>
      <linesegment length="31" name="shape1.dragpoint1.lineseg3" orient="horizontal" x="50.0" y="415.0"/>
      <linesegment length="0" name="shape1.dragpoint1.lineseg4" orient="vertical" x="81.0" y="415.0"/>
      <linesegment length="15" name="shape1.dragpoint1.lineseg5" orient="horizontal" x="81.0" y="415.0"/>
    </dragpoint>
  </dragpoints>
</shape>