<?xml version="1.0" ?>
<shape image="decision_icon" name="shape15" shapetype="decision" userlabel="Delta Run?" x="112.0" y="400.0">
  <configuration>
    <decision comparison="equals" name="Delta Run?">
      <decisionvalue valueType="definedparameter">
        <definedprocessparameter componentId="795e769e-a9c3-442e-bff3-a96b04f9b531" componentName="EC372 - EC to NAVEX (OB)" propertyKey="d0c9f73d-8faa-47c1-adda-3abd94033ac9" propertyLabel="FileType"/>
      </decisionvalue>
      <decisionvalue valueType="static">
        <staticparameter staticproperty="Delta"/>
      </decisionvalue>
    </decision>
  </configuration>
  <dragpoints>
    <dragpoint identifier="true" name="shape15.dragpoint1" text="True" toShape="shape3" x="240.0" y="313.0">
      <linesegment length="0" name="shape15.dragpoint1.lineseg1" orient="horizontal" x="146.0" y="415.0"/>
      <linesegment length="0" name="shape15.dragpoint1.lineseg2" orient="vertical" x="146.0" y="415.0"/>
      <linesegment length="55" name="shape15.dragpoint1.lineseg3" orient="horizontal" x="146.0" y="415.0"/>
      <linesegment length="96" name="shape15.dragpoint1.lineseg4" orient="vertical" x="201.0" y="319.0"/>
      <linesegment label="True" length="39" name="shape15.dragpoint1.lineseg5" orient="horizontal" x="201.0" y="319.0"/>
    </dragpoint>
    <dragpoint identifier="false" name="shape15.dragpoint2" text="False" toShape="shape16" x="480.0" y="537.0">
      <linesegment length="0" name="shape15.dragpoint2.lineseg1" orient="horizontal" x="146.0" y="415.0"/>
      <linesegment length="0" name="shape15.dragpoint2.lineseg2" orient="vertical" x="146.0" y="415.0"/>
      <linesegment length="175" name="shape15.dragpoint2.lineseg3" orient="horizontal" x="146.0" y="415.0"/>
      <linesegment length="128" name="shape15.dragpoint2.lineseg4" orient="vertical" x="321.0" y="415.0"/>
      <linesegment label="False" length="159" name="shape15.dragpoint2.lineseg5" orient="horizontal" x="321.0" y="543.0"/>
    </dragpoint>
  </dragpoints>
</shape>