<?xml version="1.0" ?>
<shape image="decision_icon" name="shape3" shapetype="decision" userlabel="Filter LSRD is NULL " x="256.0" y="304.0">
  <configuration>
    <decision comparison="equals" name="Filter LSRD is NULL ">
      <decisionvalue valueType="definedparameter">
        <definedprocessparameter componentId="795e769e-a9c3-442e-bff3-a96b04f9b531" componentName="EC372 - EC to NAVEX (OB)" propertyKey="bdf17f77-c75b-4777-bc49-2ce59e2286d9" propertyLabel="Filter_LSRD"/>
      </decisionvalue>
      <decisionvalue valueType="static">
        <staticparameter staticproperty=""/>
      </decisionvalue>
    </decision>
  </configuration>
  <dragpoints>
    <dragpoint identifier="true" name="shape3.dragpoint1" text="True" toShape="shape5" x="400.0" y="409.0">
      <linesegment length="0" name="shape3.dragpoint1.lineseg1" orient="horizontal" x="290.0" y="319.0"/>
      <linesegment length="0" name="shape3.dragpoint1.lineseg2" orient="vertical" x="290.0" y="319.0"/>
      <linesegment length="63" name="shape3.dragpoint1.lineseg3" orient="horizontal" x="290.0" y="319.0"/>
      <linesegment length="96" name="shape3.dragpoint1.lineseg4" orient="vertical" x="353.0" y="319.0"/>
      <linesegment label="True" length="47" name="shape3.dragpoint1.lineseg5" orient="horizontal" x="353.0" y="415.0"/>
    </dragpoint>
    <dragpoint identifier="false" name="shape3.dragpoint2" text="False" toShape="shape2" x="400.0" y="217.0">
      <linesegment length="0" name="shape3.dragpoint2.lineseg1" orient="horizontal" x="290.0" y="319.0"/>
      <linesegment length="0" name="shape3.dragpoint2.lineseg2" orient="vertical" x="290.0" y="319.0"/>
      <linesegment length="63" name="shape3.dragpoint2.lineseg3" orient="horizontal" x="290.0" y="319.0"/>
      <linesegment length="96" name="shape3.dragpoint2.lineseg4" orient="vertical" x="353.0" y="223.0"/>
      <linesegment label="False" length="47" name="shape3.dragpoint2.lineseg5" orient="horizontal" x="353.0" y="223.0"/>
    </dragpoint>
  </dragpoints>
</shape>