<?xml version="1.0" ?>
<shape image="branch_icon" name="shape4" shapetype="branch" userlabel="" x="608.0" y="304.0">
  <configuration>
    <branch numBranches="5"/>
  </configuration>
  <dragpoints>
    <dragpoint identifier="1" name="shape4.dragpoint1" text="1" toShape="shape6" x="768.0" y="105.0">
      <linesegment length="0" name="shape4.dragpoint1.lineseg1" orient="horizontal" x="642.0" y="319.0"/>
      <linesegment length="0" name="shape4.dragpoint1.lineseg2" orient="vertical" x="642.0" y="319.0"/>
      <linesegment length="71" name="shape4.dragpoint1.lineseg3" orient="horizontal" x="642.0" y="319.0"/>
      <linesegment length="208" name="shape4.dragpoint1.lineseg4" orient="vertical" x="713.0" y="111.0"/>
      <linesegment label="1" length="55" name="shape4.dragpoint1.lineseg5" orient="horizontal" x="713.0" y="111.0"/>
    </dragpoint>
    <dragpoint identifier="2" name="shape4.dragpoint2" text="2" toShape="shape7" x="768.0" y="201.0">
      <linesegment length="0" name="shape4.dragpoint2.lineseg1" orient="horizontal" x="642.0" y="319.0"/>
      <linesegment length="0" name="shape4.dragpoint2.lineseg2" orient="vertical" x="642.0" y="319.0"/>
      <linesegment length="71" name="shape4.dragpoint2.lineseg3" orient="horizontal" x="642.0" y="319.0"/>
      <linesegment length="112" name="shape4.dragpoint2.lineseg4" orient="vertical" x="713.0" y="207.0"/>
      <linesegment label="2" length="55" name="shape4.dragpoint2.lineseg5" orient="horizontal" x="713.0" y="207.0"/>
    </dragpoint>
    <dragpoint identifier="3" name="shape4.dragpoint3" text="3" toShape="shape8" x="768.0" y="297.0">
      <linesegment length="0" name="shape4.dragpoint3.lineseg1" orient="horizontal" x="642.0" y="319.0"/>
      <linesegment length="0" name="shape4.dragpoint3.lineseg2" orient="vertical" x="642.0" y="319.0"/>
      <linesegment length="71" name="shape4.dragpoint3.lineseg3" orient="horizontal" x="642.0" y="319.0"/>
      <linesegment length="16" name="shape4.dragpoint3.lineseg4" orient="vertical" x="713.0" y="303.0"/>
      <linesegment label="3" length="55" name="shape4.dragpoint3.lineseg5" orient="horizontal" x="713.0" y="303.0"/>
    </dragpoint>
    <dragpoint identifier="4" name="shape4.dragpoint4" text="4" toShape="shape9" x="768.0" y="425.0">
      <linesegment length="0" name="shape4.dragpoint4.lineseg1" orient="horizontal" x="642.0" y="319.0"/>
      <linesegment length="0" name="shape4.dragpoint4.lineseg2" orient="vertical" x="642.0" y="319.0"/>
      <linesegment length="71" name="shape4.dragpoint4.lineseg3" orient="horizontal" x="642.0" y="319.0"/>
      <linesegment length="112" name="shape4.dragpoint4.lineseg4" orient="vertical" x="713.0" y="319.0"/>
      <linesegment label="4" length="55" name="shape4.dragpoint4.lineseg5" orient="horizontal" x="713.0" y="431.0"/>
    </dragpoint>
    <dragpoint identifier="5" name="shape4.dragpoint5" text="5" toShape="shape14" x="768.0" y="537.0">
      <linesegment length="0" name="shape4.dragpoint5.lineseg1" orient="horizontal" x="642.0" y="319.0"/>
      <linesegment length="0" name="shape4.dragpoint5.lineseg2" orient="vertical" x="642.0" y="319.0"/>
      <linesegment length="71" name="shape4.dragpoint5.lineseg3" orient="horizontal" x="642.0" y="319.0"/>
      <linesegment length="224" name="shape4.dragpoint5.lineseg4" orient="vertical" x="713.0" y="319.0"/>
      <linesegment label="5" length="55" name="shape4.dragpoint5.lineseg5" orient="horizontal" x="713.0" y="543.0"/>
    </dragpoint>
  </dragpoints>
</shape>