<?xml version="1.0" ?>
<shape image="documentproperties_icon" name="shape11" shapetype="documentproperties" userlabel="Set SFTP fileName" x="1040.0" y="416.0">
  <configuration>
    <documentproperties>
      <documentproperty defaultValue="" isTradingPartner="false" name="SFTP - File Name" persist="false" propertyId="connector.sftp.filename">
        <sourcevalues>
          <parametervalue key="1" valueType="process">
            <processparameter processproperty="File_Name" processpropertydefaultvalue=""/>
          </parametervalue>
          <parametervalue key="3" valueType="static">
            <staticparameter staticproperty=".pgp"/>
          </parametervalue>
        </sourcevalues>
      </documentproperty>
      <documentproperty defaultValue="" isTradingPartner="false" name="Dynamic Process Property - DPP_FileName" persist="false" propertyId="process.DPP_FileName">
        <sourcevalues>
          <parametervalue key="2" valueType="process">
            <processparameter processproperty="File_Name" processpropertydefaultvalue=""/>
          </parametervalue>
          <parametervalue key="4" valueType="static">
            <staticparameter staticproperty=".pgp"/>
          </parametervalue>
        </sourcevalues>
      </documentproperty>
    </documentproperties>
  </configuration>
  <dragpoints>
    <dragpoint name="shape11.dragpoint1" toShape="shape13" x="1168.0" y="425.0">
      <linesegment length="0" name="shape11.dragpoint1.lineseg1" orient="horizontal" x="1074.0" y="431.0"/>
      <linesegment length="0" name="shape11.dragpoint1.lineseg2" orient="vertical" x="1074.0" y="431.0"/>
      <linesegment length="55" name="shape11.dragpoint1.lineseg3" orient="horizontal" x="1074.0" y="431.0"/>
      <linesegment length="0" name="shape11.dragpoint1.lineseg4" orient="vertical" x="1129.0" y="431.0"/>
      <linesegment length="39" name="shape11.dragpoint1.lineseg5" orient="horizontal" x="1129.0" y="431.0"/>
    </dragpoint>
  </dragpoints>
</shape>