<?xml version="1.0" ?>
<shape image="documentproperties_icon" name="shape2" shapetype="documentproperties" userlabel="SetLastSuccessRunDate" x="416.0" y="208.0">
  <configuration>
    <documentproperties>
      <documentproperty defaultValue="" isTradingPartner="false" name="Dynamic Process Property - SDATE" persist="false" propertyId="process.SDATE">
        <sourcevalues>
          <parametervalue key="1" valueType="definedparameter">
            <definedprocessparameter componentId="795e769e-a9c3-442e-bff3-a96b04f9b531" componentName="EC372 - EC to NAVEX (OB)" propertyKey="bdf17f77-c75b-4777-bc49-2ce59e2286d9" propertyLabel="Filter_LSRD"/>
          </parametervalue>
        </sourcevalues>
      </documentproperty>
      <documentproperty defaultValue="" isTradingPartner="false" name="Dynamic Process Property - EDATE" persist="false" propertyId="process.EDATE">
        <sourcevalues>
          <parametervalue key="2" valueType="date">
            <dateparameter dateparametertype="current" datetimemask="yyyy-MM-dd"/>
          </parametervalue>
        </sourcevalues>
      </documentproperty>
      <documentproperty defaultValue="" isTradingPartner="false" name="Dynamic Process Property - LSRD" persist="false" propertyId="process.LSRD">
        <sourcevalues>
          <parametervalue key="3" valueType="definedparameter">
            <definedprocessparameter componentId="795e769e-a9c3-442e-bff3-a96b04f9b531" componentName="EC372 - EC to NAVEX (OB)" propertyKey="bdf17f77-c75b-4777-bc49-2ce59e2286d9" propertyLabel="Filter_LSRD"/>
          </parametervalue>
          <parametervalue key="7" valueType="static">
            <staticparameter staticproperty="T00:00:00Z"/>
          </parametervalue>
        </sourcevalues>
      </documentproperty>
      <documentproperty defaultValue="" isTradingPartner="false" name="Dynamic Process Property - DemographicTotalCount" persist="false" propertyId="process.DemographicTotalCount">
        <sourcevalues>
          <parametervalue key="8" valueType="static">
            <staticparameter staticproperty="0"/>
          </parametervalue>
        </sourcevalues>
      </documentproperty>
      <documentproperty defaultValue="" isTradingPartner="false" name="Dynamic Process Property - DemographicErrorCount" persist="false" propertyId="process.DemographicErrorCount">
        <sourcevalues>
          <parametervalue key="9" valueType="static">
            <staticparameter staticproperty="0"/>
          </parametervalue>
        </sourcevalues>
      </documentproperty>
    </documentproperties>
  </configuration>
  <dragpoints>
    <dragpoint name="shape2.dragpoint1" toShape="shape4" x="592.0" y="313.0">
      <linesegment length="0" name="shape2.dragpoint1.lineseg1" orient="horizontal" x="450.0" y="223.0"/>
      <linesegment length="0" name="shape2.dragpoint1.lineseg2" orient="vertical" x="450.0" y="223.0"/>
      <linesegment length="79" name="shape2.dragpoint1.lineseg3" orient="horizontal" x="450.0" y="223.0"/>
      <linesegment length="96" name="shape2.dragpoint1.lineseg4" orient="vertical" x="529.0" y="223.0"/>
      <linesegment length="63" name="shape2.dragpoint1.lineseg5" orient="horizontal" x="529.0" y="319.0"/>
    </dragpoint>
  </dragpoints>
</shape>