<?xml version="1.0" ?>
<shape image="documentproperties_icon" name="shape16" shapetype="documentproperties" userlabel="Set extensions" x="496.0" y="528.0">
  <configuration>
    <documentproperties>
      <documentproperty defaultValue="" isTradingPartner="false" name="Dynamic Process Property - EDATE" persist="false" propertyId="process.EDATE">
        <sourcevalues>
          <parametervalue key="1" valueType="date">
            <dateparameter dateparametertype="current" datetimemask="yyyy-MM-dd"/>
          </parametervalue>
        </sourcevalues>
      </documentproperty>
      <documentproperty defaultValue="" isTradingPartner="false" name="Dynamic Process Property - DemographicTotalCount" persist="false" propertyId="process.DemographicTotalCount">
        <sourcevalues>
          <parametervalue key="2" valueType="static">
            <staticparameter staticproperty="0"/>
          </parametervalue>
        </sourcevalues>
      </documentproperty>
      <documentproperty defaultValue="" isTradingPartner="false" name="Dynamic Process Property - DemographicErrorCount" persist="false" propertyId="process.DemographicErrorCount">
        <sourcevalues>
          <parametervalue key="3" valueType="static">
            <staticparameter staticproperty="0"/>
          </parametervalue>
        </sourcevalues>
      </documentproperty>
    </documentproperties>
  </configuration>
  <dragpoints>
    <dragpoint name="shape16.dragpoint1" toShape="shape4" x="592.0" y="313.0">
      <linesegment length="0" name="shape16.dragpoint1.lineseg1" orient="horizontal" x="530.0" y="543.0"/>
      <linesegment length="0" name="shape16.dragpoint1.lineseg2" orient="vertical" x="530.0" y="543.0"/>
      <linesegment length="39" name="shape16.dragpoint1.lineseg3" orient="horizontal" x="530.0" y="543.0"/>
      <linesegment length="224" name="shape16.dragpoint1.lineseg4" orient="vertical" x="569.0" y="319.0"/>
      <linesegment length="23" name="shape16.dragpoint1.lineseg5" orient="horizontal" x="569.0" y="319.0"/>
    </dragpoint>
  </dragpoints>
</shape>