{
  "master_component_id": "3c0b145b-dd1a-45f4-9289-9aaf7d592a9a",
  "extraction_date": "06-08-2025",
  "extraction_timestamp": "2025-08-06 19:02:41",
  "output_directory": "/home/vcap/tmp/06-08-2025_flow_3c0b145b",
  "total_shapes": 14,
  "total_components": 8,
  "total_processes_extracted": 7,
  "subprocess_ids": [
    "adc1a906-cd59-42e9-b466-f69e1993d1ce",
    "4fef22a1-66b8-4874-bab0-74afe13bed36",
    "31a87c8f-19d7-4288-a6c7-929e94724a6a",
    "ebc70e9d-c152-4554-a4da-e65ee997099a",
    "8fd629f4-f4e8-40f8-ad80-09b839e93255",
    "20802acd-e6e5-44fc-8824-829f891c2469"
  ],
  "execution_sequence": [
    {
      "order": 1,
      "shape_name": "shape1",
      "shape_type": "start",
      "user_label": "",
      "display_name": "Process Entry Point",
      "purpose": "Process Entry Point",
      "description": "Initiates the process execution",
      "configuration_summary": {},
      "connections_to": [
        "shape15"
      ],
      "position": {
        "x": 16.0,
        "y": 400.0
      },
      "component_id": null,
      "map_id": null,
      "connection_id": null,
      "operation_id": null,
      "process_id": null,
      "inline_connections": [],
      "inline_operations": [],
      "extractable_components": [],
      "has_xml": false,
      "is_subprocess_call": false,
      "technical_details": {}
    },
    {
      "order": 2,
      "shape_name": "shape15",
      "shape_type": "decision",
      "user_label": "Delta Run?",
      "display_name": "Delta Run?",
      "purpose": "Conditional Logic",
      "description": "Routes based on equals comparison: Delta Run?",
      "configuration_summary": {
        "comparison_type": "equals",
        "decision_name": "Delta Run?"
      },
      "connections_to": [
        "shape3",
        "shape16"
      ],
      "position": {
        "x": 112.0,
        "y": 400.0
      },
      "component_id": null,
      "map_id": null,
      "connection_id": null,
      "operation_id": null,
      "process_id": null,
      "inline_connections": [],
      "inline_operations": [],
      "extractable_components": [],
      "has_xml": false,
      "is_subprocess_call": false,
      "technical_details": {}
    },
    {
      "order": 3,
      "shape_name": "shape3",
      "shape_type": "decision",
      "user_label": "Filter LSRD is NULL ",
      "display_name": "Filter LSRD is NULL ",
      "purpose": "Conditional Logic",
      "description": "Routes based on equals comparison: Filter LSRD is NULL ",
      "configuration_summary": {
        "comparison_type": "equals",
        "decision_name": "Filter LSRD is NULL "
      },
      "connections_to": [
        "shape5",
        "shape2"
      ],
      "position": {
        "x": 256.0,
        "y": 304.0
      },
      "component_id": null,
      "map_id": null,
      "connection_id": null,
      "operation_id": null,
      "process_id": null,
      "inline_connections": [],
      "inline_operations": [],
      "extractable_components": [],
      "has_xml": false,
      "is_subprocess_call": false,
      "technical_details": {}
    },
    {
      "order": 4,
      "shape_name": "shape5",
      "shape_type": "documentproperties",
      "user_label": "SetLastSuccessRunDate",
      "display_name": "SetLastSuccessRunDate",
      "purpose": "Dynamic Property Management",
      "description": "Sets 5 dynamic document properties",
      "configuration_summary": {
        "property_count": 5,
        "sample_properties": [
          "Dynamic Process Property - SDATE",
          "Dynamic Process Property - EDATE",
          "Dynamic Process Property - LSRD"
        ]
      },
      "connections_to": [
        "shape4"
      ],
      "position": {
        "x": 416.0,
        "y": 400.0
      },
      "component_id": null,
      "map_id": null,
      "connection_id": null,
      "operation_id": null,
      "process_id": null,
      "inline_connections": [],
      "inline_operations": [],
      "extractable_components": [],
      "has_xml": false,
      "is_subprocess_call": false,
      "technical_details": {}
    },
    {
      "order": 5,
      "shape_name": "shape4",
      "shape_type": "branch",
      "user_label": "",
      "display_name": "Parallel Processing",
      "purpose": "Parallel Processing",
      "description": "Splits execution into 5 parallel branches",
      "configuration_summary": {
        "number_of_branches": 5
      },
      "connections_to": [
        "shape6",
        "shape7",
        "shape8",
        "shape9",
        "shape14"
      ],
      "position": {
        "x": 608.0,
        "y": 304.0
      },
      "component_id": null,
      "map_id": null,
      "connection_id": null,
      "operation_id": null,
      "process_id": null,
      "inline_connections": [],
      "inline_operations": [],
      "extractable_components": [],
      "has_xml": false,
      "is_subprocess_call": false,
      "technical_details": {}
    },
    {
      "order": 6,
      "shape_name": "shape6",
      "shape_type": "processcall",
      "user_label": "",
      "display_name": "Subprocess Execution",
      "purpose": "Subprocess Execution",
      "description": "Executes subprocess ebc70e9d... (synchronously)",
      "configuration_summary": {
        "subprocess_id": "ebc70e9d-c152-4554-a4da-e65ee997099a",
        "abort_on_error": true,
        "wait_for_completion": true
      },
      "connections_to": [],
      "position": {
        "x": 784.0,
        "y": 96.0
      },
      "component_id": "ebc70e9d-c152-4554-a4da-e65ee997099a",
      "map_id": null,
      "connection_id": null,
      "operation_id": null,
      "process_id": "ebc70e9d-c152-4554-a4da-e65ee997099a",
      "inline_connections": [],
      "inline_operations": [],
      "extractable_components": [],
      "has_xml": false,
      "is_subprocess_call": true,
      "technical_details": {}
    },
    {
      "order": 7,
      "shape_name": "shape7",
      "shape_type": "processcall",
      "user_label": "",
      "display_name": "Subprocess Execution",
      "purpose": "Subprocess Execution",
      "description": "Executes subprocess adc1a906... (synchronously)",
      "configuration_summary": {
        "subprocess_id": "adc1a906-cd59-42e9-b466-f69e1993d1ce",
        "abort_on_error": true,
        "wait_for_completion": true
      },
      "connections_to": [],
      "position": {
        "x": 784.0,
        "y": 192.0
      },
      "component_id": "adc1a906-cd59-42e9-b466-f69e1993d1ce",
      "map_id": null,
      "connection_id": null,
      "operation_id": null,
      "process_id": "adc1a906-cd59-42e9-b466-f69e1993d1ce",
      "inline_connections": [],
      "inline_operations": [],
      "extractable_components": [],
      "has_xml": false,
      "is_subprocess_call": true,
      "technical_details": {}
    },
    {
      "order": 8,
      "shape_name": "shape8",
      "shape_type": "processcall",
      "user_label": "",
      "display_name": "Subprocess Execution",
      "purpose": "Subprocess Execution",
      "description": "Executes subprocess 20802acd... (synchronously)",
      "configuration_summary": {
        "subprocess_id": "20802acd-e6e5-44fc-8824-829f891c2469",
        "abort_on_error": true,
        "wait_for_completion": true
      },
      "connections_to": [],
      "position": {
        "x": 784.0,
        "y": 288.0
      },
      "component_id": "20802acd-e6e5-44fc-8824-829f891c2469",
      "map_id": null,
      "connection_id": null,
      "operation_id": null,
      "process_id": "20802acd-e6e5-44fc-8824-829f891c2469",
      "inline_connections": [],
      "inline_operations": [],
      "extractable_components": [],
      "has_xml": false,
      "is_subprocess_call": true,
      "technical_details": {}
    },
    {
      "order": 9,
      "shape_name": "shape9",
      "shape_type": "processcall",
      "user_label": "",
      "display_name": "Subprocess Execution",
      "purpose": "Subprocess Execution",
      "description": "Executes subprocess 4fef22a1... (synchronously)",
      "configuration_summary": {
        "subprocess_id": "4fef22a1-66b8-4874-bab0-74afe13bed36",
        "abort_on_error": true,
        "wait_for_completion": true
      },
      "connections_to": [
        "shape11"
      ],
      "position": {
        "x": 784.0,
        "y": 416.0
      },
      "component_id": "4fef22a1-66b8-4874-bab0-74afe13bed36",
      "map_id": null,
      "connection_id": null,
      "operation_id": null,
      "process_id": "4fef22a1-66b8-4874-bab0-74afe13bed36",
      "inline_connections": [],
      "inline_operations": [],
      "extractable_components": [],
      "has_xml": false,
      "is_subprocess_call": true,
      "technical_details": {}
    },
    {
      "order": 10,
      "shape_name": "shape11",
      "shape_type": "documentproperties",
      "user_label": "Set SFTP fileName",
      "display_name": "Set SFTP fileName",
      "purpose": "Dynamic Property Management",
      "description": "Sets 2 dynamic document properties",
      "configuration_summary": {
        "property_count": 2,
        "sample_properties": [
          "SFTP - File Name",
          "Dynamic Process Property - DPP_FileName"
        ]
      },
      "connections_to": [
        "shape13"
      ],
      "position": {
        "x": 1040.0,
        "y": 416.0
      },
      "component_id": null,
      "map_id": null,
      "connection_id": null,
      "operation_id": null,
      "process_id": null,
      "inline_connections": [],
      "inline_operations": [],
      "extractable_components": [],
      "has_xml": false,
      "is_subprocess_call": false,
      "technical_details": {}
    },
    {
      "order": 11,
      "shape_name": "shape13",
      "shape_type": "processcall",
      "user_label": "Send Files to SFTP",
      "display_name": "Send Files to SFTP",
      "purpose": "Subprocess Execution",
      "description": "Executes subprocess 31a87c8f... (synchronously)",
      "configuration_summary": {
        "subprocess_id": "31a87c8f-19d7-4288-a6c7-929e94724a6a",
        "abort_on_error": true,
        "wait_for_completion": true
      },
      "connections_to": [],
      "position": {
        "x": 1184.0,
        "y": 416.0
      },
      "component_id": "31a87c8f-19d7-4288-a6c7-929e94724a6a",
      "map_id": null,
      "connection_id": null,
      "operation_id": null,
      "process_id": "31a87c8f-19d7-4288-a6c7-929e94724a6a",
      "inline_connections": [],
      "inline_operations": [],
      "extractable_components": [],
      "has_xml": false,
      "is_subprocess_call": true,
      "technical_details": {}
    },
    {
      "order": 12,
      "shape_name": "shape14",
      "shape_type": "processcall",
      "user_label": "",
      "display_name": "Subprocess Execution",
      "purpose": "Subprocess Execution",
      "description": "Executes subprocess 8fd629f4... (synchronously)",
      "configuration_summary": {
        "subprocess_id": "8fd629f4-f4e8-40f8-ad80-09b839e93255",
        "abort_on_error": true,
        "wait_for_completion": true
      },
      "connections_to": [],
      "position": {
        "x": 784.0,
        "y": 528.0
      },
      "component_id": "8fd629f4-f4e8-40f8-ad80-09b839e93255",
      "map_id": null,
      "connection_id": null,
      "operation_id": null,
      "process_id": "8fd629f4-f4e8-40f8-ad80-09b839e93255",
      "inline_connections": [],
      "inline_operations": [],
      "extractable_components": [],
      "has_xml": false,
      "is_subprocess_call": true,
      "technical_details": {}
    },
    {
      "order": 13,
      "shape_name": "shape2",
      "shape_type": "documentproperties",
      "user_label": "SetLastSuccessRunDate",
      "display_name": "SetLastSuccessRunDate",
      "purpose": "Dynamic Property Management",
      "description": "Sets 5 dynamic document properties",
      "configuration_summary": {
        "property_count": 5,
        "sample_properties": [
          "Dynamic Process Property - SDATE",
          "Dynamic Process Property - EDATE",
          "Dynamic Process Property - LSRD"
        ]
      },
      "connections_to": [
        "shape4"
      ],
      "position": {
        "x": 416.0,
        "y": 208.0
      },
      "component_id": null,
      "map_id": null,
      "connection_id": null,
      "operation_id": null,
      "process_id": null,
      "inline_connections": [],
      "inline_operations": [],
      "extractable_components": [],
      "has_xml": false,
      "is_subprocess_call": false,
      "technical_details": {}
    },
    {
      "order": 14,
      "shape_name": "shape16",
      "shape_type": "documentproperties",
      "user_label": "Set extensions",
      "display_name": "Set extensions",
      "purpose": "Dynamic Property Management",
      "description": "Sets 3 dynamic document properties",
      "configuration_summary": {
        "property_count": 3,
        "sample_properties": [
          "Dynamic Process Property - EDATE",
          "Dynamic Process Property - DemographicTotalCount",
          "Dynamic Process Property - DemographicErrorCount"
        ]
      },
      "connections_to": [
        "shape4"
      ],
      "position": {
        "x": 496.0,
        "y": 528.0
      },
      "component_id": null,
      "map_id": null,
      "connection_id": null,
      "operation_id": null,
      "process_id": null,
      "inline_connections": [],
      "inline_operations": [],
      "extractable_components": [],
      "has_xml": false,
      "is_subprocess_call": false,
      "technical_details": {}
    }
  ]
}