<?xml version="1.0" ?>
<bns:Component xmlns:xsi="http://www.w3.org/2001/XMLSchema-instance" xmlns:bns="http://api.platform.boomi.com/" folderFullPath="PepsiCo/2.0 Development/2.1 Global Integrations/EC372 - EC to NAVEX (OB)" componentId="8fd629f4-f4e8-40f8-ad80-09b839e93255" version="7" name="Process for Control and Error Report" type="process" createdDate="2018-04-25T11:28:02Z" createdBy="Deep.Singh.Chauhan@accenture.com" modifiedDate="2018-06-08T07:02:45Z" modifiedBy="Deep.Singh.Chauhan@accenture.com" deleted="false" currentVersion="true" folderName="EC372 - EC to NAVEX (OB)" folderId="RjoxOTM3OTEx" branchName="main" branchId="QjoyOTk5NDY">
  <bns:encryptedValues/>
  <bns:description/>
  <bns:object>
    <process xmlns="" allowSimultaneous="false" enableUserLog="false" processLogOnErrorOnly="false" purgeDataImmediately="false" updateRunDates="false" workload="general">
      <shapes>
        <shape image="start" name="shape1" shapetype="start" userlabel="Start" x="96.0" y="224.0">
          <configuration>
            <passthroughaction/>
          </configuration>
          <dragpoints>
            <dragpoint name="shape1.dragpoint1" toShape="shape2" x="240.0" y="233.0">
              <linesegment length="0" name="shape1.dragpoint1.lineseg1" orient="horizontal" x="130.0" y="239.0"/>
              <linesegment length="0" name="shape1.dragpoint1.lineseg2" orient="vertical" x="130.0" y="239.0"/>
              <linesegment length="63" name="shape1.dragpoint1.lineseg3" orient="horizontal" x="130.0" y="239.0"/>
              <linesegment length="0" name="shape1.dragpoint1.lineseg4" orient="vertical" x="193.0" y="239.0"/>
              <linesegment length="47" name="shape1.dragpoint1.lineseg5" orient="horizontal" x="193.0" y="239.0"/>
            </dragpoint>
          </dragpoints>
        </shape>
        <shape image="branch_icon" name="shape2" shapetype="branch" userlabel="" x="256.0" y="224.0">
          <configuration>
            <branch numBranches="2"/>
          </configuration>
          <dragpoints>
            <dragpoint identifier="1" name="shape2.dragpoint1" text="1" toShape="shape3" x="384.0" y="121.0">
              <linesegment length="0" name="shape2.dragpoint1.lineseg1" orient="horizontal" x="290.0" y="239.0"/>
              <linesegment length="0" name="shape2.dragpoint1.lineseg2" orient="vertical" x="290.0" y="239.0"/>
              <linesegment length="55" name="shape2.dragpoint1.lineseg3" orient="horizontal" x="290.0" y="239.0"/>
              <linesegment length="112" name="shape2.dragpoint1.lineseg4" orient="vertical" x="345.0" y="127.0"/>
              <linesegment label="1" length="39" name="shape2.dragpoint1.lineseg5" orient="horizontal" x="345.0" y="127.0"/>
            </dragpoint>
            <dragpoint identifier="2" name="shape2.dragpoint2" text="2" toShape="shape11" x="384.0" y="361.0">
              <linesegment length="0" name="shape2.dragpoint2.lineseg1" orient="horizontal" x="290.0" y="239.0"/>
              <linesegment length="0" name="shape2.dragpoint2.lineseg2" orient="vertical" x="290.0" y="239.0"/>
              <linesegment length="55" name="shape2.dragpoint2.lineseg3" orient="horizontal" x="290.0" y="239.0"/>
              <linesegment length="128" name="shape2.dragpoint2.lineseg4" orient="vertical" x="345.0" y="239.0"/>
              <linesegment label="2" length="39" name="shape2.dragpoint2.lineseg5" orient="horizontal" x="345.0" y="367.0"/>
            </dragpoint>
          </dragpoints>
        </shape>
        <shape image="map_icon" name="shape3" shapetype="map" userlabel="" x="400.0" y="112.0">
          <configuration>
            <map mapId="5b4547ef-a82e-45d0-be86-ac17de030c90"/>
          </configuration>
          <dragpoints>
            <dragpoint name="shape3.dragpoint1" toShape="shape4" x="560.0" y="121.0">
              <linesegment length="0" name="shape3.dragpoint1.lineseg1" orient="horizontal" x="434.0" y="127.0"/>
              <linesegment length="0" name="shape3.dragpoint1.lineseg2" orient="vertical" x="434.0" y="127.0"/>
              <linesegment length="71" name="shape3.dragpoint1.lineseg3" orient="horizontal" x="434.0" y="127.0"/>
              <linesegment length="0" name="shape3.dragpoint1.lineseg4" orient="vertical" x="505.0" y="127.0"/>
              <linesegment length="55" name="shape3.dragpoint1.lineseg5" orient="horizontal" x="505.0" y="127.0"/>
            </dragpoint>
          </dragpoints>
        </shape>
        <shape image="message_icon" name="shape4" shapetype="message" userlabel="ControlReport  Detail for Attachment" x="576.0" y="112.0">
          <configuration>
            <message combined="false">
              <msgTxt>Number of records processed: {1}
Number of successful records : {2}
Number of error records : {3}
Process Properties in Extension for this run :
------------------------------------------------------------------
Output File name =    {18}
From Email Address for Errors  =   {4}
To Email Address for Errors =  {5}
From Email Address for Success = {6}
To Email Address for Success = {7}
Company Territory Code =  {8}
Legal Entity =  {9}
Employee Class = {10}
GPID(s) = {11}
Archive path on SFTP Server = {12}
Employee Status =   {13}
Send File to ADAM =   {14}
Send File to PepSFTP = {15}
ADAM SFTP location = {16}
Encrypt Archive File =    {17}
Last Successful Run Date (from extension) =  {19}
Last Successful Run Date (from process) =  {20}</msgTxt>
              <msgParameters>
                <parametervalue key="0" valueType="current"/>
                <parametervalue key="1" valueType="process">
                  <processparameter processproperty="DemographicTotalCount" processpropertydefaultvalue=""/>
                </parametervalue>
                <parametervalue key="2" valueType="process">
                  <processparameter processproperty="RPT_INT_ALL_BRULE_ERR_CNT" processpropertydefaultvalue=""/>
                </parametervalue>
                <parametervalue key="3" valueType="definedparameter">
                  <definedprocessparameter componentId="795e769e-a9c3-442e-bff3-a96b04f9b531" componentName="EC372 - EC to NAVEX (OB)" propertyKey="a6b2e057-49d9-4cbc-9c94-16fe27cf011b" propertyLabel="fromEmailAddressForErrors"/>
                </parametervalue>
                <parametervalue key="4" valueType="definedparameter">
                  <definedprocessparameter componentId="795e769e-a9c3-442e-bff3-a96b04f9b531" componentName="EC372 - EC to NAVEX (OB)" propertyKey="630bd0e1-a257-4ac9-b3c6-b4213140f7ff" propertyLabel="toEmailAddressForErrors"/>
                </parametervalue>
                <parametervalue key="5" valueType="definedparameter">
                  <definedprocessparameter componentId="795e769e-a9c3-442e-bff3-a96b04f9b531" componentName="EC372 - EC to NAVEX (OB)" propertyKey="9a653915-1d4f-464a-b613-f20c8958f652" propertyLabel="fromEmailAddressForSuccess"/>
                </parametervalue>
                <parametervalue key="6" valueType="definedparameter">
                  <definedprocessparameter componentId="795e769e-a9c3-442e-bff3-a96b04f9b531" componentName="EC372 - EC to NAVEX (OB)" propertyKey="e6c11e22-d87f-4570-975b-f39b8012be6e" propertyLabel="toEmailAddressForSuccess"/>
                </parametervalue>
                <parametervalue key="7" valueType="definedparameter">
                  <definedprocessparameter componentId="795e769e-a9c3-442e-bff3-a96b04f9b531" componentName="EC372 - EC to NAVEX (OB)" propertyKey="a92b59a7-bbfb-4ee5-8a4c-e32d7727fbb4" propertyLabel="Filter_company_territory_code"/>
                </parametervalue>
                <parametervalue key="8" valueType="definedparameter">
                  <definedprocessparameter componentId="795e769e-a9c3-442e-bff3-a96b04f9b531" componentName="EC372 - EC to NAVEX (OB)" propertyKey="8caddbc7-67c5-41dc-afb1-ce06fa7d9e8e" propertyLabel="Filter_LegalEntity"/>
                </parametervalue>
                <parametervalue key="9" valueType="definedparameter">
                  <definedprocessparameter componentId="795e769e-a9c3-442e-bff3-a96b04f9b531" componentName="EC372 - EC to NAVEX (OB)" propertyKey="5373d17c-a180-4aab-bc91-e91f8689b86c" propertyLabel="Filter_EmployeeClass"/>
                </parametervalue>
                <parametervalue key="10" valueType="definedparameter">
                  <definedprocessparameter componentId="795e769e-a9c3-442e-bff3-a96b04f9b531" componentName="EC372 - EC to NAVEX (OB)" propertyKey="c7175bc9-9ed8-4da3-97ad-e2147208110f" propertyLabel="Filter_GPID"/>
                </parametervalue>
                <parametervalue key="11" valueType="definedparameter">
                  <definedprocessparameter componentId="795e769e-a9c3-442e-bff3-a96b04f9b531" componentName="EC372 - EC to NAVEX (OB)" propertyKey="6c4f4625-a39d-4368-b986-85499c5dd7d2" propertyLabel="Archive path on SFTP server"/>
                </parametervalue>
                <parametervalue key="12" valueType="definedparameter">
                  <definedprocessparameter componentId="795e769e-a9c3-442e-bff3-a96b04f9b531" componentName="EC372 - EC to NAVEX (OB)" propertyKey="6236f705-e6ba-4f9c-8dcf-bacffe65d640" propertyLabel="Employee Status"/>
                </parametervalue>
                <parametervalue key="13" valueType="definedparameter">
                  <definedprocessparameter componentId="795e769e-a9c3-442e-bff3-a96b04f9b531" componentName="EC372 - EC to NAVEX (OB)" propertyKey="9649296e-66e0-4bf8-9041-cd438ad4167b" propertyLabel="Send Output To Vendor ?"/>
                </parametervalue>
                <parametervalue key="14" valueType="definedparameter">
                  <definedprocessparameter componentId="795e769e-a9c3-442e-bff3-a96b04f9b531" componentName="EC372 - EC to NAVEX (OB)" propertyKey="b2157951-1c8b-4e53-96fe-70de4e1be1b3" propertyLabel="SendFilesToPepsoSFTP"/>
                </parametervalue>
                <parametervalue key="15" valueType="definedparameter">
                  <definedprocessparameter componentId="795e769e-a9c3-442e-bff3-a96b04f9b531" componentName="EC372 - EC to NAVEX (OB)" propertyKey="729bf863-ed8a-4863-85e7-f6a69f337c8b" propertyLabel="NAVEXSFTPDirectory"/>
                </parametervalue>
                <parametervalue key="16" valueType="definedparameter">
                  <definedprocessparameter componentId="795e769e-a9c3-442e-bff3-a96b04f9b531" componentName="EC372 - EC to NAVEX (OB)" propertyKey="60304a50-7a2a-412a-932c-db44d28dbdc4" propertyLabel="Encrypt Archive File"/>
                </parametervalue>
                <parametervalue key="17" valueType="process">
                  <processparameter processproperty="DPP_FileName" processpropertydefaultvalue=""/>
                </parametervalue>
                <parametervalue key="18" valueType="definedparameter">
                  <definedprocessparameter componentId="795e769e-a9c3-442e-bff3-a96b04f9b531" componentName="EC372 - EC to NAVEX (OB)" propertyKey="bdf17f77-c75b-4777-bc49-2ce59e2286d9" propertyLabel="Filter_LSRD"/>
                </parametervalue>
                <parametervalue key="19" valueType="process">
                  <processparameter processproperty="EDATE" processpropertydefaultvalue=""/>
                </parametervalue>
              </msgParameters>
            </message>
          </configuration>
          <dragpoints>
            <dragpoint name="shape4.dragpoint1" toShape="shape7" x="720.0" y="121.0">
              <linesegment length="0" name="shape4.dragpoint1.lineseg1" orient="horizontal" x="610.0" y="127.0"/>
              <linesegment length="0" name="shape4.dragpoint1.lineseg2" orient="vertical" x="610.0" y="127.0"/>
              <linesegment length="63" name="shape4.dragpoint1.lineseg3" orient="horizontal" x="610.0" y="127.0"/>
              <linesegment length="0" name="shape4.dragpoint1.lineseg4" orient="vertical" x="673.0" y="127.0"/>
              <linesegment length="47" name="shape4.dragpoint1.lineseg5" orient="horizontal" x="673.0" y="127.0"/>
            </dragpoint>
          </dragpoints>
        </shape>
        <shape image="documentproperties_icon" name="shape6" shapetype="documentproperties" userlabel="" x="912.0" y="112.0">
          <configuration>
            <documentproperties>
              <documentproperty defaultValue="" isTradingPartner="false" name="Mail - File Name" persist="false" propertyId="connector.mail.filename">
                <sourcevalues>
                  <parametervalue key="1" valueType="static">
                    <staticparameter staticproperty="EC372 - EC to NAVEX_Control Report.txt"/>
                  </parametervalue>
                </sourcevalues>
              </documentproperty>
              <documentproperty defaultValue="" isTradingPartner="false" name="Mail - Subject" persist="false" propertyId="connector.mail.subject">
                <sourcevalues>
                  <parametervalue key="2" valueType="static">
                    <staticparameter staticproperty="EC372 -EC to NAVEX (O/B) - Control Report – "/>
                  </parametervalue>
                  <parametervalue key="3" valueType="date">
                    <dateparameter dateparametertype="current" datetimemask="yyyy-MM-dd HH:mm:ss"/>
                  </parametervalue>
                </sourcevalues>
              </documentproperty>
              <documentproperty defaultValue="" isTradingPartner="false" name="Mail - From Address" persist="false" propertyId="connector.mail.fromAddress">
                <sourcevalues>
                  <parametervalue key="4" valueType="definedparameter">
                    <definedprocessparameter componentId="795e769e-a9c3-442e-bff3-a96b04f9b531" componentName="EC372 - EC to NAVEX (OB)" propertyKey="9a653915-1d4f-464a-b613-f20c8958f652" propertyLabel="fromEmailAddressForSuccess"/>
                  </parametervalue>
                </sourcevalues>
              </documentproperty>
              <documentproperty defaultValue="" isTradingPartner="false" name="Mail - To Address" persist="false" propertyId="connector.mail.toAddress">
                <sourcevalues>
                  <parametervalue key="5" valueType="definedparameter">
                    <definedprocessparameter componentId="795e769e-a9c3-442e-bff3-a96b04f9b531" componentName="EC372 - EC to NAVEX (OB)" propertyKey="e6c11e22-d87f-4570-975b-f39b8012be6e" propertyLabel="toEmailAddressForSuccess"/>
                  </parametervalue>
                </sourcevalues>
              </documentproperty>
              <documentproperty defaultValue="" isTradingPartner="false" name="Mail - Body" persist="false" propertyId="connector.mail.body">
                <sourcevalues>
                  <parametervalue key="6" valueType="static">
                    <staticparameter staticproperty=""/>
                  </parametervalue>
                </sourcevalues>
              </documentproperty>
              <documentproperty defaultValue="" isTradingPartner="false" name="Dynamic Document Property - File_Name" persist="false" propertyId="dynamicdocument.File_Name">
                <sourcevalues>
                  <parametervalue key="7" valueType="static">
                    <staticparameter staticproperty="EC372 -EC to NAVEX.ControlReport."/>
                  </parametervalue>
                  <parametervalue key="8" valueType="date">
                    <dateparameter dateparametertype="current" datetimemask="yyyy-MM-dd"/>
                  </parametervalue>
                  <parametervalue key="9" valueType="static">
                    <staticparameter staticproperty=".csv"/>
                  </parametervalue>
                </sourcevalues>
              </documentproperty>
              <documentproperty defaultValue="" isTradingPartner="false" name="Dynamic Document Property - SFTP Location" persist="false" propertyId="dynamicdocument.SFTP Location">
                <sourcevalues>
                  <parametervalue key="10" valueType="definedparameter">
                    <definedprocessparameter componentId="795e769e-a9c3-442e-bff3-a96b04f9b531" componentName="EC372 - EC to NAVEX (OB)" propertyKey="6c4f4625-a39d-4368-b986-85499c5dd7d2" propertyLabel="Archive path on SFTP server"/>
                  </parametervalue>
                </sourcevalues>
              </documentproperty>
              <documentproperty defaultValue="" isTradingPartner="false" name="SFTP - Remote Directory" persist="false" propertyId="connector.sftp.remoteDirectory">
                <sourcevalues>
                  <parametervalue key="11" valueType="track">
                    <trackparameter defaultValue="" propertyId="dynamicdocument.SFTP Location" propertyName="Dynamic Document Property - SFTP Location"/>
                  </parametervalue>
                </sourcevalues>
              </documentproperty>
              <documentproperty defaultValue="" isTradingPartner="false" name="SFTP - File Name" persist="false" propertyId="connector.sftp.filename">
                <sourcevalues>
                  <parametervalue key="12" valueType="track">
                    <trackparameter defaultValue="" propertyId="dynamicdocument.File_Name" propertyName="Dynamic Document Property - File_Name"/>
                  </parametervalue>
                </sourcevalues>
              </documentproperty>
            </documentproperties>
          </configuration>
          <dragpoints>
            <dragpoint name="shape6.dragpoint1" toShape="shape9" x="1104.0" y="249.0">
              <linesegment length="0" name="shape6.dragpoint1.lineseg1" orient="horizontal" x="946.0" y="127.0"/>
              <linesegment length="0" name="shape6.dragpoint1.lineseg2" orient="vertical" x="946.0" y="127.0"/>
              <linesegment length="87" name="shape6.dragpoint1.lineseg3" orient="horizontal" x="946.0" y="127.0"/>
              <linesegment length="128" name="shape6.dragpoint1.lineseg4" orient="vertical" x="1033.0" y="127.0"/>
              <linesegment length="71" name="shape6.dragpoint1.lineseg5" orient="horizontal" x="1033.0" y="255.0"/>
            </dragpoint>
          </dragpoints>
        </shape>
        <shape image="branch_icon" name="shape9" shapetype="branch" userlabel="" x="1120.0" y="240.0">
          <configuration>
            <branch numBranches="2"/>
          </configuration>
          <dragpoints>
            <dragpoint identifier="1" name="shape9.dragpoint1" text="1" toShape="shape12" x="1280.0" y="169.0">
              <linesegment length="0" name="shape9.dragpoint1.lineseg1" orient="horizontal" x="1154.0" y="255.0"/>
              <linesegment length="0" name="shape9.dragpoint1.lineseg2" orient="vertical" x="1154.0" y="255.0"/>
              <linesegment length="71" name="shape9.dragpoint1.lineseg3" orient="horizontal" x="1154.0" y="255.0"/>
              <linesegment length="80" name="shape9.dragpoint1.lineseg4" orient="vertical" x="1225.0" y="175.0"/>
              <linesegment label="1" length="55" name="shape9.dragpoint1.lineseg5" orient="horizontal" x="1225.0" y="175.0"/>
            </dragpoint>
            <dragpoint identifier="2" name="shape9.dragpoint2" text="2" toShape="shape13" x="1280.0" y="345.0">
              <linesegment length="0" name="shape9.dragpoint2.lineseg1" orient="horizontal" x="1154.0" y="255.0"/>
              <linesegment length="0" name="shape9.dragpoint2.lineseg2" orient="vertical" x="1154.0" y="255.0"/>
              <linesegment length="71" name="shape9.dragpoint2.lineseg3" orient="horizontal" x="1154.0" y="255.0"/>
              <linesegment length="96" name="shape9.dragpoint2.lineseg4" orient="vertical" x="1225.0" y="255.0"/>
              <linesegment label="2" length="55" name="shape9.dragpoint2.lineseg5" orient="horizontal" x="1225.0" y="351.0"/>
            </dragpoint>
          </dragpoints>
        </shape>
        <shape image="documentproperties_icon" name="shape5" shapetype="documentproperties" userlabel="Error Report Details" x="912.0" y="352.0">
          <configuration>
            <documentproperties>
              <documentproperty defaultValue="" isTradingPartner="false" name="Mail - File Name" persist="false" propertyId="connector.mail.filename">
                <sourcevalues>
                  <parametervalue key="1" valueType="static">
                    <staticparameter staticproperty="EC372 - EC to NAVEX_Error Report.txt"/>
                  </parametervalue>
                </sourcevalues>
              </documentproperty>
              <documentproperty defaultValue="" isTradingPartner="false" name="Mail - Subject" persist="false" propertyId="connector.mail.subject">
                <sourcevalues>
                  <parametervalue key="2" valueType="static">
                    <staticparameter staticproperty="EC372 - EC to NAVEX (O/B) - Error Report – "/>
                  </parametervalue>
                  <parametervalue key="3" valueType="date">
                    <dateparameter dateparametertype="current" datetimemask="yyyy-MM-dd'T'HH:mm:ss"/>
                  </parametervalue>
                </sourcevalues>
              </documentproperty>
              <documentproperty defaultValue="" isTradingPartner="false" name="Mail - From Address" persist="false" propertyId="connector.mail.fromAddress">
                <sourcevalues>
                  <parametervalue key="4" valueType="definedparameter">
                    <definedprocessparameter componentId="795e769e-a9c3-442e-bff3-a96b04f9b531" componentName="EC372 - EC to NAVEX (OB)" propertyKey="a6b2e057-49d9-4cbc-9c94-16fe27cf011b" propertyLabel="fromEmailAddressForErrors"/>
                  </parametervalue>
                </sourcevalues>
              </documentproperty>
              <documentproperty defaultValue="" isTradingPartner="false" name="Mail - To Address" persist="false" propertyId="connector.mail.toAddress">
                <sourcevalues>
                  <parametervalue key="5" valueType="definedparameter">
                    <definedprocessparameter componentId="795e769e-a9c3-442e-bff3-a96b04f9b531" componentName="EC372 - EC to NAVEX (OB)" propertyKey="630bd0e1-a257-4ac9-b3c6-b4213140f7ff" propertyLabel="toEmailAddressForErrors"/>
                  </parametervalue>
                </sourcevalues>
              </documentproperty>
              <documentproperty defaultValue="" isTradingPartner="false" name="Mail - Body" persist="false" propertyId="connector.mail.body">
                <sourcevalues>
                  <parametervalue key="6" valueType="static">
                    <staticparameter staticproperty=""/>
                  </parametervalue>
                </sourcevalues>
              </documentproperty>
              <documentproperty defaultValue="" isTradingPartner="false" name="Dynamic Document Property - File_Name" persist="false" propertyId="dynamicdocument.File_Name">
                <sourcevalues>
                  <parametervalue key="7" valueType="static">
                    <staticparameter staticproperty="EC372-EC to NAVEX.Error Report."/>
                  </parametervalue>
                  <parametervalue key="8" valueType="date">
                    <dateparameter dateparametertype="current" datetimemask="yyyy-MM-dd"/>
                  </parametervalue>
                  <parametervalue key="9" valueType="static">
                    <staticparameter staticproperty=".csv"/>
                  </parametervalue>
                </sourcevalues>
              </documentproperty>
              <documentproperty defaultValue="" isTradingPartner="false" name="Dynamic Document Property - SFTP Location" persist="false" propertyId="dynamicdocument.SFTP Location">
                <sourcevalues>
                  <parametervalue key="10" valueType="definedparameter">
                    <definedprocessparameter componentId="795e769e-a9c3-442e-bff3-a96b04f9b531" componentName="EC372 - EC to NAVEX (OB)" propertyKey="6c4f4625-a39d-4368-b986-85499c5dd7d2" propertyLabel="Archive path on SFTP server"/>
                  </parametervalue>
                </sourcevalues>
              </documentproperty>
              <documentproperty defaultValue="" isTradingPartner="false" name="SFTP - Remote Directory" persist="false" propertyId="connector.sftp.remoteDirectory">
                <sourcevalues>
                  <parametervalue key="11" valueType="track">
                    <trackparameter defaultValue="" propertyId="dynamicdocument.SFTP Location" propertyName="Dynamic Document Property - SFTP Location"/>
                  </parametervalue>
                </sourcevalues>
              </documentproperty>
              <documentproperty defaultValue="" isTradingPartner="false" name="SFTP - File Name" persist="false" propertyId="connector.sftp.filename">
                <sourcevalues>
                  <parametervalue key="12" valueType="track">
                    <trackparameter defaultValue="" propertyId="dynamicdocument.File_Name" propertyName="Dynamic Document Property - File_Name"/>
                  </parametervalue>
                </sourcevalues>
              </documentproperty>
            </documentproperties>
          </configuration>
          <dragpoints>
            <dragpoint name="shape5.dragpoint1" toShape="shape9" x="1104.0" y="249.0">
              <linesegment length="0" name="shape5.dragpoint1.lineseg1" orient="horizontal" x="946.0" y="367.0"/>
              <linesegment length="0" name="shape5.dragpoint1.lineseg2" orient="vertical" x="946.0" y="367.0"/>
              <linesegment length="87" name="shape5.dragpoint1.lineseg3" orient="horizontal" x="946.0" y="367.0"/>
              <linesegment length="112" name="shape5.dragpoint1.lineseg4" orient="vertical" x="1033.0" y="255.0"/>
              <linesegment length="71" name="shape5.dragpoint1.lineseg5" orient="horizontal" x="1033.0" y="255.0"/>
            </dragpoint>
          </dragpoints>
        </shape>
        <shape image="decision_icon" name="shape7" shapetype="decision" userlabel="Archive file to SFTP ?" x="736.0" y="112.0">
          <configuration>
            <decision comparison="equals" name="Archive file to SFTP ?">
              <decisionvalue valueType="definedparameter">
                <definedprocessparameter componentId="795e769e-a9c3-442e-bff3-a96b04f9b531" componentName="EC372 - EC to NAVEX (OB)" propertyKey="b2157951-1c8b-4e53-96fe-70de4e1be1b3" propertyLabel="SendFilesToPepsoSFTP"/>
              </decisionvalue>
              <decisionvalue valueType="static">
                <staticparameter staticproperty="true"/>
              </decisionvalue>
            </decision>
          </configuration>
          <dragpoints>
            <dragpoint identifier="true" name="shape7.dragpoint1" text="True" toShape="shape6" x="896.0" y="121.0">
              <linesegment length="0" name="shape7.dragpoint1.lineseg1" orient="horizontal" x="770.0" y="127.0"/>
              <linesegment length="0" name="shape7.dragpoint1.lineseg2" orient="vertical" x="770.0" y="127.0"/>
              <linesegment length="71" name="shape7.dragpoint1.lineseg3" orient="horizontal" x="770.0" y="127.0"/>
              <linesegment length="0" name="shape7.dragpoint1.lineseg4" orient="vertical" x="841.0" y="127.0"/>
              <linesegment label="True" length="55" name="shape7.dragpoint1.lineseg5" orient="horizontal" x="841.0" y="127.0"/>
            </dragpoint>
            <dragpoint identifier="false" name="shape7.dragpoint2" text="False" toShape="shape8" x="896.0" y="233.0">
              <linesegment length="0" name="shape7.dragpoint2.lineseg1" orient="horizontal" x="770.0" y="127.0"/>
              <linesegment length="0" name="shape7.dragpoint2.lineseg2" orient="vertical" x="770.0" y="127.0"/>
              <linesegment length="71" name="shape7.dragpoint2.lineseg3" orient="horizontal" x="770.0" y="127.0"/>
              <linesegment length="112" name="shape7.dragpoint2.lineseg4" orient="vertical" x="841.0" y="127.0"/>
              <linesegment label="False" length="55" name="shape7.dragpoint2.lineseg5" orient="horizontal" x="841.0" y="239.0"/>
            </dragpoint>
          </dragpoints>
        </shape>
        <shape image="stop_icon" name="shape8" shapetype="stop" userlabel="" x="912.0" y="224.0">
          <configuration>
            <stop continue="true"/>
          </configuration>
          <dragpoints/>
        </shape>
        <shape image="decision_icon" name="shape10" shapetype="decision" userlabel="Archive file to SFTP ?" x="736.0" y="352.0">
          <configuration>
            <decision comparison="equals" name="Archive file to SFTP ?">
              <decisionvalue valueType="definedparameter">
                <definedprocessparameter componentId="795e769e-a9c3-442e-bff3-a96b04f9b531" componentName="EC372 - EC to NAVEX (OB)" propertyKey="b2157951-1c8b-4e53-96fe-70de4e1be1b3" propertyLabel="SendFilesToPepsoSFTP"/>
              </decisionvalue>
              <decisionvalue valueType="static">
                <staticparameter staticproperty="true"/>
              </decisionvalue>
            </decision>
          </configuration>
          <dragpoints>
            <dragpoint identifier="true" name="shape10.dragpoint1" text="True" toShape="shape5" x="896.0" y="361.0">
              <linesegment length="0" name="shape10.dragpoint1.lineseg1" orient="horizontal" x="770.0" y="367.0"/>
              <linesegment length="0" name="shape10.dragpoint1.lineseg2" orient="vertical" x="770.0" y="367.0"/>
              <linesegment length="71" name="shape10.dragpoint1.lineseg3" orient="horizontal" x="770.0" y="367.0"/>
              <linesegment length="0" name="shape10.dragpoint1.lineseg4" orient="vertical" x="841.0" y="367.0"/>
              <linesegment label="True" length="55" name="shape10.dragpoint1.lineseg5" orient="horizontal" x="841.0" y="367.0"/>
            </dragpoint>
            <dragpoint identifier="false" name="shape10.dragpoint2" text="False" toShape="shape8" x="896.0" y="233.0">
              <linesegment length="0" name="shape10.dragpoint2.lineseg1" orient="horizontal" x="770.0" y="367.0"/>
              <linesegment length="0" name="shape10.dragpoint2.lineseg2" orient="vertical" x="770.0" y="367.0"/>
              <linesegment length="71" name="shape10.dragpoint2.lineseg3" orient="horizontal" x="770.0" y="367.0"/>
              <linesegment length="128" name="shape10.dragpoint2.lineseg4" orient="vertical" x="841.0" y="239.0"/>
              <linesegment label="False" length="55" name="shape10.dragpoint2.lineseg5" orient="horizontal" x="841.0" y="239.0"/>
            </dragpoint>
          </dragpoints>
        </shape>
        <shape image="processcall_icon" name="shape11" shapetype="processcall" userlabel="" x="400.0" y="352.0">
          <configuration>
            <processcall abort="true" processId="41c922af-29c8-4ab4-8ac1-35d6f280e0be" wait="true">
              <parameters/>
              <returnpaths>
                <returnpaths childShapeName="shape3" returnLabel="Error Message Report"/>
              </returnpaths>
            </processcall>
          </configuration>
          <dragpoints>
            <dragpoint identifier="shape3" name="shape11.dragpoint1" text="Error Message Report" toShape="shape10" x="720.0" y="361.0">
              <linesegment length="0" name="shape11.dragpoint1.lineseg1" orient="horizontal" x="434.0" y="367.0"/>
              <linesegment length="0" name="shape11.dragpoint1.lineseg2" orient="vertical" x="434.0" y="367.0"/>
              <linesegment length="151" name="shape11.dragpoint1.lineseg3" orient="horizontal" x="434.0" y="367.0"/>
              <linesegment length="0" name="shape11.dragpoint1.lineseg4" orient="vertical" x="585.0" y="367.0"/>
              <linesegment label="Error Message Report" length="135" name="shape11.dragpoint1.lineseg5" orient="horizontal" x="585.0" y="367.0"/>
            </dragpoint>
          </dragpoints>
        </shape>
        <shape image="connectoraction_icon" name="shape12" shapetype="connectoraction" userlabel="" x="1296.0" y="160.0">
          <configuration>
            <connectoraction actionType="Send" connectionId="7dcc0c4e-b199-4ed8-a426-7641c92096f3" connectorType="sftp" hideSettings="false" operationId="7761ab10-168e-4912-9eb1-eabd09445c0b">
              <parameters/>
            </connectoraction>
          </configuration>
          <dragpoints>
            <dragpoint name="shape12.dragpoint1" toShape="shape14" x="1488.0" y="249.0">
              <linesegment length="0" name="shape12.dragpoint1.lineseg1" orient="horizontal" x="1330.0" y="175.0"/>
              <linesegment length="0" name="shape12.dragpoint1.lineseg2" orient="vertical" x="1330.0" y="175.0"/>
              <linesegment length="87" name="shape12.dragpoint1.lineseg3" orient="horizontal" x="1330.0" y="175.0"/>
              <linesegment length="80" name="shape12.dragpoint1.lineseg4" orient="vertical" x="1417.0" y="175.0"/>
              <linesegment length="71" name="shape12.dragpoint1.lineseg5" orient="horizontal" x="1417.0" y="255.0"/>
            </dragpoint>
          </dragpoints>
        </shape>
        <shape image="connectoraction_icon" name="shape13" shapetype="connectoraction" userlabel="" x="1296.0" y="336.0">
          <configuration>
            <connectoraction actionType="Send" connectionId="f2cafa9e-8850-4b68-b857-d4ee5a1c8b98" connectorType="mail" hideSettings="false" operationId="ff919bdc-b4da-4a90-8b43-8054244dfbb7">
              <parameters/>
            </connectoraction>
          </configuration>
          <dragpoints>
            <dragpoint name="shape13.dragpoint1" toShape="shape14" x="1488.0" y="249.0">
              <linesegment length="0" name="shape13.dragpoint1.lineseg1" orient="horizontal" x="1330.0" y="351.0"/>
              <linesegment length="0" name="shape13.dragpoint1.lineseg2" orient="vertical" x="1330.0" y="351.0"/>
              <linesegment length="87" name="shape13.dragpoint1.lineseg3" orient="horizontal" x="1330.0" y="351.0"/>
              <linesegment length="96" name="shape13.dragpoint1.lineseg4" orient="vertical" x="1417.0" y="255.0"/>
              <linesegment length="71" name="shape13.dragpoint1.lineseg5" orient="horizontal" x="1417.0" y="255.0"/>
            </dragpoint>
          </dragpoints>
        </shape>
        <shape image="stop_icon" name="shape14" shapetype="stop" userlabel="" x="1504.0" y="240.0">
          <configuration>
            <stop continue="true"/>
          </configuration>
          <dragpoints/>
        </shape>
      </shapes>
    </process>
  </bns:object>
  <bns:processOverrides/>
</bns:Component>