<?xml version="1.0" ?>
<shape image="branch_icon" name="shape2" shapetype="branch" userlabel="" x="256.0" y="224.0">
  <configuration>
    <branch numBranches="2"/>
  </configuration>
  <dragpoints>
    <dragpoint identifier="1" name="shape2.dragpoint1" text="1" toShape="shape3" x="384.0" y="121.0">
      <linesegment length="0" name="shape2.dragpoint1.lineseg1" orient="horizontal" x="290.0" y="239.0"/>
      <linesegment length="0" name="shape2.dragpoint1.lineseg2" orient="vertical" x="290.0" y="239.0"/>
      <linesegment length="55" name="shape2.dragpoint1.lineseg3" orient="horizontal" x="290.0" y="239.0"/>
      <linesegment length="112" name="shape2.dragpoint1.lineseg4" orient="vertical" x="345.0" y="127.0"/>
      <linesegment label="1" length="39" name="shape2.dragpoint1.lineseg5" orient="horizontal" x="345.0" y="127.0"/>
    </dragpoint>
    <dragpoint identifier="2" name="shape2.dragpoint2" text="2" toShape="shape11" x="384.0" y="361.0">
      <linesegment length="0" name="shape2.dragpoint2.lineseg1" orient="horizontal" x="290.0" y="239.0"/>
      <linesegment length="0" name="shape2.dragpoint2.lineseg2" orient="vertical" x="290.0" y="239.0"/>
      <linesegment length="55" name="shape2.dragpoint2.lineseg3" orient="horizontal" x="290.0" y="239.0"/>
      <linesegment length="128" name="shape2.dragpoint2.lineseg4" orient="vertical" x="345.0" y="239.0"/>
      <linesegment label="2" length="39" name="shape2.dragpoint2.lineseg5" orient="horizontal" x="345.0" y="367.0"/>
    </dragpoint>
  </dragpoints>
</shape>