<?xml version="1.0" ?>
<bns:Component xmlns:xsi="http://www.w3.org/2001/XMLSchema-instance" xmlns:bns="http://api.platform.boomi.com/" folderFullPath="PepsiCo/2.0 Development/2.1 Global Integrations/EC372 - EC to NAVEX (OB)" componentId="b5346e87-6548-4995-800c-9a42fdb2d36f" version="1" name="ControlReport Test" type="profile.flatfile" createdDate="2018-04-25T11:37:56Z" createdBy="Deep.Singh.Chauhan@accenture.com" modifiedDate="2018-04-25T11:37:56Z" modifiedBy="Deep.Singh.Chauhan@accenture.com" deleted="false" currentVersion="true" folderName="EC372 - EC to NAVEX (OB)" folderId="RjoxOTM3OTEx" branchName="main" branchId="QjoyOTk5NDY">
  <bns:encryptedValues/>
  <bns:description/>
  <bns:object>
    <FlatFileProfile xmlns="" modelVersion="2" strict="true">
      <ProfileProperties>
        <GeneralInfo fileType="delimited" useColumnHeaders="false"/>
        <Options>
          <DataOptions/>
          <DelimitedOptions fileDelimiter="stardelimited" removeEscape="false" textQualifier="na"/>
        </Options>
      </ProfileProperties>
      <DataElements>
        <FlatFileRecord detectFormat="numberofcolumns" isNode="true" key="1" name="Record">
          <FlatFileElements isNode="true" key="2" name="Elements">
            <FlatFileElement dataType="character" enforceUnique="false" identityValue="" isMappable="true" isNode="true" justification="left" key="3" mandatory="false" maxLength="0" minLength="0" name="text" useToIdentifyFormat="false" validateData="false">
              <DataFormat>
                <ProfileCharacterFormat/>
              </DataFormat>
            </FlatFileElement>
          </FlatFileElements>
        </FlatFileRecord>
      </DataElements>
    </FlatFileProfile>
  </bns:object>
</bns:Component>