<?xml version="1.0" ?>
<shape image="decision_icon" name="shape7" shapetype="decision" userlabel="Archive file to SFTP ?" x="736.0" y="112.0">
  <configuration>
    <decision comparison="equals" name="Archive file to SFTP ?">
      <decisionvalue valueType="definedparameter">
        <definedprocessparameter componentId="795e769e-a9c3-442e-bff3-a96b04f9b531" componentName="EC372 - EC to NAVEX (OB)" propertyKey="b2157951-1c8b-4e53-96fe-70de4e1be1b3" propertyLabel="SendFilesToPepsoSFTP"/>
      </decisionvalue>
      <decisionvalue valueType="static">
        <staticparameter staticproperty="true"/>
      </decisionvalue>
    </decision>
  </configuration>
  <dragpoints>
    <dragpoint identifier="true" name="shape7.dragpoint1" text="True" toShape="shape6" x="896.0" y="121.0">
      <linesegment length="0" name="shape7.dragpoint1.lineseg1" orient="horizontal" x="770.0" y="127.0"/>
      <linesegment length="0" name="shape7.dragpoint1.lineseg2" orient="vertical" x="770.0" y="127.0"/>
      <linesegment length="71" name="shape7.dragpoint1.lineseg3" orient="horizontal" x="770.0" y="127.0"/>
      <linesegment length="0" name="shape7.dragpoint1.lineseg4" orient="vertical" x="841.0" y="127.0"/>
      <linesegment label="True" length="55" name="shape7.dragpoint1.lineseg5" orient="horizontal" x="841.0" y="127.0"/>
    </dragpoint>
    <dragpoint identifier="false" name="shape7.dragpoint2" text="False" toShape="shape8" x="896.0" y="233.0">
      <linesegment length="0" name="shape7.dragpoint2.lineseg1" orient="horizontal" x="770.0" y="127.0"/>
      <linesegment length="0" name="shape7.dragpoint2.lineseg2" orient="vertical" x="770.0" y="127.0"/>
      <linesegment length="71" name="shape7.dragpoint2.lineseg3" orient="horizontal" x="770.0" y="127.0"/>
      <linesegment length="112" name="shape7.dragpoint2.lineseg4" orient="vertical" x="841.0" y="127.0"/>
      <linesegment label="False" length="55" name="shape7.dragpoint2.lineseg5" orient="horizontal" x="841.0" y="239.0"/>
    </dragpoint>
  </dragpoints>
</shape>