<?xml version="1.0" ?>
<shape image="documentproperties_icon" name="shape6" shapetype="documentproperties" userlabel="" x="912.0" y="112.0">
  <configuration>
    <documentproperties>
      <documentproperty defaultValue="" isTradingPartner="false" name="Mail - File Name" persist="false" propertyId="connector.mail.filename">
        <sourcevalues>
          <parametervalue key="1" valueType="static">
            <staticparameter staticproperty="EC372 - EC to NAVEX_Control Report.txt"/>
          </parametervalue>
        </sourcevalues>
      </documentproperty>
      <documentproperty defaultValue="" isTradingPartner="false" name="Mail - Subject" persist="false" propertyId="connector.mail.subject">
        <sourcevalues>
          <parametervalue key="2" valueType="static">
            <staticparameter staticproperty="EC372 -EC to NAVEX (O/B) - Control Report – "/>
          </parametervalue>
          <parametervalue key="3" valueType="date">
            <dateparameter dateparametertype="current" datetimemask="yyyy-MM-dd HH:mm:ss"/>
          </parametervalue>
        </sourcevalues>
      </documentproperty>
      <documentproperty defaultValue="" isTradingPartner="false" name="Mail - From Address" persist="false" propertyId="connector.mail.fromAddress">
        <sourcevalues>
          <parametervalue key="4" valueType="definedparameter">
            <definedprocessparameter componentId="795e769e-a9c3-442e-bff3-a96b04f9b531" componentName="EC372 - EC to NAVEX (OB)" propertyKey="9a653915-1d4f-464a-b613-f20c8958f652" propertyLabel="fromEmailAddressForSuccess"/>
          </parametervalue>
        </sourcevalues>
      </documentproperty>
      <documentproperty defaultValue="" isTradingPartner="false" name="Mail - To Address" persist="false" propertyId="connector.mail.toAddress">
        <sourcevalues>
          <parametervalue key="5" valueType="definedparameter">
            <definedprocessparameter componentId="795e769e-a9c3-442e-bff3-a96b04f9b531" componentName="EC372 - EC to NAVEX (OB)" propertyKey="e6c11e22-d87f-4570-975b-f39b8012be6e" propertyLabel="toEmailAddressForSuccess"/>
          </parametervalue>
        </sourcevalues>
      </documentproperty>
      <documentproperty defaultValue="" isTradingPartner="false" name="Mail - Body" persist="false" propertyId="connector.mail.body">
        <sourcevalues>
          <parametervalue key="6" valueType="static">
            <staticparameter staticproperty=""/>
          </parametervalue>
        </sourcevalues>
      </documentproperty>
      <documentproperty defaultValue="" isTradingPartner="false" name="Dynamic Document Property - File_Name" persist="false" propertyId="dynamicdocument.File_Name">
        <sourcevalues>
          <parametervalue key="7" valueType="static">
            <staticparameter staticproperty="EC372 -EC to NAVEX.ControlReport."/>
          </parametervalue>
          <parametervalue key="8" valueType="date">
            <dateparameter dateparametertype="current" datetimemask="yyyy-MM-dd"/>
          </parametervalue>
          <parametervalue key="9" valueType="static">
            <staticparameter staticproperty=".csv"/>
          </parametervalue>
        </sourcevalues>
      </documentproperty>
      <documentproperty defaultValue="" isTradingPartner="false" name="Dynamic Document Property - SFTP Location" persist="false" propertyId="dynamicdocument.SFTP Location">
        <sourcevalues>
          <parametervalue key="10" valueType="definedparameter">
            <definedprocessparameter componentId="795e769e-a9c3-442e-bff3-a96b04f9b531" componentName="EC372 - EC to NAVEX (OB)" propertyKey="6c4f4625-a39d-4368-b986-85499c5dd7d2" propertyLabel="Archive path on SFTP server"/>
          </parametervalue>
        </sourcevalues>
      </documentproperty>
      <documentproperty defaultValue="" isTradingPartner="false" name="SFTP - Remote Directory" persist="false" propertyId="connector.sftp.remoteDirectory">
        <sourcevalues>
          <parametervalue key="11" valueType="track">
            <trackparameter defaultValue="" propertyId="dynamicdocument.SFTP Location" propertyName="Dynamic Document Property - SFTP Location"/>
          </parametervalue>
        </sourcevalues>
      </documentproperty>
      <documentproperty defaultValue="" isTradingPartner="false" name="SFTP - File Name" persist="false" propertyId="connector.sftp.filename">
        <sourcevalues>
          <parametervalue key="12" valueType="track">
            <trackparameter defaultValue="" propertyId="dynamicdocument.File_Name" propertyName="Dynamic Document Property - File_Name"/>
          </parametervalue>
        </sourcevalues>
      </documentproperty>
    </documentproperties>
  </configuration>
  <dragpoints>
    <dragpoint name="shape6.dragpoint1" toShape="shape9" x="1104.0" y="249.0">
      <linesegment length="0" name="shape6.dragpoint1.lineseg1" orient="horizontal" x="946.0" y="127.0"/>
      <linesegment length="0" name="shape6.dragpoint1.lineseg2" orient="vertical" x="946.0" y="127.0"/>
      <linesegment length="87" name="shape6.dragpoint1.lineseg3" orient="horizontal" x="946.0" y="127.0"/>
      <linesegment length="128" name="shape6.dragpoint1.lineseg4" orient="vertical" x="1033.0" y="127.0"/>
      <linesegment length="71" name="shape6.dragpoint1.lineseg5" orient="horizontal" x="1033.0" y="255.0"/>
    </dragpoint>
  </dragpoints>
</shape>