<?xml version="1.0" ?>
<shape image="processcall_icon" name="shape11" shapetype="processcall" userlabel="" x="400.0" y="352.0">
  <configuration>
    <processcall abort="true" processId="41c922af-29c8-4ab4-8ac1-35d6f280e0be" wait="true">
      <parameters/>
      <returnpaths>
        <returnpaths childShapeName="shape3" returnLabel="Error Message Report"/>
      </returnpaths>
    </processcall>
  </configuration>
  <dragpoints>
    <dragpoint identifier="shape3" name="shape11.dragpoint1" text="Error Message Report" toShape="shape10" x="720.0" y="361.0">
      <linesegment length="0" name="shape11.dragpoint1.lineseg1" orient="horizontal" x="434.0" y="367.0"/>
      <linesegment length="0" name="shape11.dragpoint1.lineseg2" orient="vertical" x="434.0" y="367.0"/>
      <linesegment length="151" name="shape11.dragpoint1.lineseg3" orient="horizontal" x="434.0" y="367.0"/>
      <linesegment length="0" name="shape11.dragpoint1.lineseg4" orient="vertical" x="585.0" y="367.0"/>
      <linesegment label="Error Message Report" length="135" name="shape11.dragpoint1.lineseg5" orient="horizontal" x="585.0" y="367.0"/>
    </dragpoint>
  </dragpoints>
</shape>