<?xml version="1.0" encoding="UTF-8"?>

<mule xmlns:ee="http://www.mulesoft.org/schema/mule/ee/core" xmlns="http://www.mulesoft.org/schema/mule/core"
	xmlns:doc="http://www.mulesoft.org/schema/mule/documentation"
	xmlns:xsi="http://www.w3.org/2001/XMLSchema-instance" xsi:schemaLocation="http://www.mulesoft.org/schema/mule/core http://www.mulesoft.org/schema/mule/core/current/mule.xsd
http://www.mulesoft.org/schema/mule/ee/core http://www.mulesoft.org/schema/mule/ee/core/current/mule-ee.xsd">
	<sub-flow name="retrieve-standing-orders-sub-flow" doc:id="9515379c-7c28-44c0-a8ec-59c7b830cc5e" >
		<logger level="INFO" message="#[attributes.queryParams]" doc:name="LOG INFO Retrieve Payment Orders Details Request" doc:description="Log Retrieve Payment Orders Details Request" />
		<set-variable value="#[readUrl('classpath://standingOrders.json', 'application/json')]" doc:name="paymentOrders" doc:id="9351c543-c2e7-44fb-9986-80b333910a08" variableName="paymentOrders" doc:description="Variable sets mocked paymentOrders list" />
		<ee:transform doc:name="DW Preparing Standing Orders Retrieve Response" doc:id="35a9f1af-caab-4d9b-97e4-a0ba36ecef0c">
			<ee:message>
				<ee:set-payload resource="dwl/p-retrievePaymentOrdersResponse.dwl" />
			</ee:message>
		</ee:transform>
	</sub-flow>
</mule>
