<?xml version="1.0" encoding="UTF-8"?>

<mule xmlns:ee="http://www.mulesoft.org/schema/mule/ee/core" xmlns="http://www.mulesoft.org/schema/mule/core"
	xmlns:doc="http://www.mulesoft.org/schema/mule/documentation"
	xmlns:xsi="http://www.w3.org/2001/XMLSchema-instance" xsi:schemaLocation="http://www.mulesoft.org/schema/mule/core http://www.mulesoft.org/schema/mule/core/current/mule.xsd
http://www.mulesoft.org/schema/mule/ee/core http://www.mulesoft.org/schema/mule/ee/core/current/mule-ee.xsd">
	<sub-flow name="retrieve-investment-account-details-sub-flow" doc:id="f9e45888-abdf-40b8-af67-2c5fa729db56" >
		<set-variable value="#[readUrl('classpath://investmentAccountDetails.json', 'application/json')]" doc:name="investmentAccountDetails" doc:id="4dcb8f0b-fe7c-44e6-a540-6e47c346b87a" variableName="investmentAccountDetails" doc:description="Variable sets mock beneficiaries response" />
		<ee:transform doc:name="DW Preparing Get Investment Account Details Response" doc:id="b3d6d80f-58e1-4416-8170-da5e266daf67">
			<ee:message>
				<ee:set-payload resource="dwl/p-getBeneficiariesResponse.dwl" />
			</ee:message>
		</ee:transform>
	</sub-flow>
</mule>
