<?xml version="1.0" encoding="UTF-8"?>

<mule xmlns:tls="http://www.mulesoft.org/schema/mule/tls"
	xmlns:api-gateway="http://www.mulesoft.org/schema/mule/api-gateway"
	xmlns:apikit="http://www.mulesoft.org/schema/mule/mule-apikit"
	xmlns:http="http://www.mulesoft.org/schema/mule/http" xmlns="http://www.mulesoft.org/schema/mule/core"
	xmlns:doc="http://www.mulesoft.org/schema/mule/documentation"
	xmlns:xsi="http://www.w3.org/2001/XMLSchema-instance" xsi:schemaLocation="
http://www.mulesoft.org/schema/mule/api-gateway http://www.mulesoft.org/schema/mule/api-gateway/current/mule-api-gateway.xsd 
http://www.mulesoft.org/schema/mule/mule-apikit http://www.mulesoft.org/schema/mule/mule-apikit/current/mule-apikit.xsd 
http://www.mulesoft.org/schema/mule/http http://www.mulesoft.org/schema/mule/http/current/mule-http.xsd http://www.mulesoft.org/schema/mule/core http://www.mulesoft.org/schema/mule/core/current/mule.xsd
http://www.mulesoft.org/schema/mule/tls http://www.mulesoft.org/schema/mule/tls/current/mule-tls.xsd">

	<http:listener-config name="fsc-wealth-management-api-httpListenerConfig">
        <http:listener-connection host="0.0.0.0" port="${https.configured.port}" protocol="HTTPS">
			<tls:context >
				<tls:key-store type="jks" path="keystore.jks" alias="mule" keyPassword="${tls.keySecret}" password="${tls.keyStoreSecret}" />
			</tls:context>
		</http:listener-connection>
    </http:listener-config>
    <apikit:config name="fsc-wealth-management-api-config" api="fsc-wealth-management-api.raml" outboundHeadersMapName="outboundHeaders" httpStatusVarName="httpStatus" />
	<api-gateway:autodiscovery apiId="${api_id}" ignoreBasePath="true" doc:name="API Autodiscovery" doc:id="b11df9fa-2e85-4bca-8034-9ab770ad9bc3" flowRef="fsc-wealth-management-api-main" />
    <configuration-properties 
    	doc:name="Configuration properties" 
    	doc:id="aa58e35d-1354-4628-98e4-c67a8ddb2d90" 
    	file="properties\config.yaml" />
    <global-property doc:name="Global Property" doc:id="1d626746-00b0-4d07-8fc1-40270839e011" name="api_id" value="18961047" />
    <global-property doc:name="Global Property" doc:id="cfd31d53-d9d4-4189-b7b7-5de74ee5cab6" name="https.configured.port" value="8082" />
</mule>
