<?xml version="1.0" ?>
<shape image="start" name="shape1" shapetype="start" userlabel="" x="32.0" y="304.0">
  <configuration>
    <passthroughaction/>
  </configuration>
  <dragpoints>
    <dragpoint name="shape1.dragpoint1" toShape="shape6" x="176.0" y="313.0">
      <linesegment length="0" name="shape1.dragpoint1.lineseg1" orient="horizontal" x="66.0" y="319.0"/>
      <linesegment length="0" name="shape1.dragpoint1.lineseg2" orient="vertical" x="66.0" y="319.0"/>
      <linesegment length="63" name="shape1.dragpoint1.lineseg3" orient="horizontal" x="66.0" y="319.0"/>
      <linesegment length="0" name="shape1.dragpoint1.lineseg4" orient="vertical" x="129.0" y="319.0"/>
      <linesegment length="47" name="shape1.dragpoint1.lineseg5" orient="horizontal" x="129.0" y="319.0"/>
    </dragpoint>
  </dragpoints>
</shape>