<?xml version="1.0" ?>
<shape image="branch_icon" name="shape6" shapetype="branch" userlabel="" x="192.0" y="304.0">
  <configuration>
    <branch numBranches="7"/>
  </configuration>
  <dragpoints>
    <dragpoint identifier="1" name="shape6.dragpoint1" text="1" toShape="shape11" x="416.0" y="89.0">
      <linesegment length="0" name="shape6.dragpoint1.lineseg1" orient="horizontal" x="226.0" y="319.0"/>
      <linesegment length="0" name="shape6.dragpoint1.lineseg2" orient="vertical" x="226.0" y="319.0"/>
      <linesegment length="103" name="shape6.dragpoint1.lineseg3" orient="horizontal" x="226.0" y="319.0"/>
      <linesegment length="224" name="shape6.dragpoint1.lineseg4" orient="vertical" x="329.0" y="95.0"/>
      <linesegment label="1" length="87" name="shape6.dragpoint1.lineseg5" orient="horizontal" x="329.0" y="95.0"/>
    </dragpoint>
    <dragpoint identifier="2" name="shape6.dragpoint2" text="2" toShape="shape3" x="416.0" y="153.0">
      <linesegment length="0" name="shape6.dragpoint2.lineseg1" orient="horizontal" x="226.0" y="319.0"/>
      <linesegment length="0" name="shape6.dragpoint2.lineseg2" orient="vertical" x="226.0" y="319.0"/>
      <linesegment length="103" name="shape6.dragpoint2.lineseg3" orient="horizontal" x="226.0" y="319.0"/>
      <linesegment length="160" name="shape6.dragpoint2.lineseg4" orient="vertical" x="329.0" y="159.0"/>
      <linesegment label="2" length="87" name="shape6.dragpoint2.lineseg5" orient="horizontal" x="329.0" y="159.0"/>
    </dragpoint>
    <dragpoint identifier="3" name="shape6.dragpoint3" text="3" toShape="shape4" x="416.0" y="233.0">
      <linesegment length="0" name="shape6.dragpoint3.lineseg1" orient="horizontal" x="226.0" y="319.0"/>
      <linesegment length="0" name="shape6.dragpoint3.lineseg2" orient="vertical" x="226.0" y="319.0"/>
      <linesegment length="103" name="shape6.dragpoint3.lineseg3" orient="horizontal" x="226.0" y="319.0"/>
      <linesegment length="80" name="shape6.dragpoint3.lineseg4" orient="vertical" x="329.0" y="239.0"/>
      <linesegment label="3" length="87" name="shape6.dragpoint3.lineseg5" orient="horizontal" x="329.0" y="239.0"/>
    </dragpoint>
    <dragpoint identifier="4" name="shape6.dragpoint4" text="4" toShape="shape5" x="416.0" y="313.0">
      <linesegment length="0" name="shape6.dragpoint4.lineseg1" orient="horizontal" x="226.0" y="319.0"/>
      <linesegment length="0" name="shape6.dragpoint4.lineseg2" orient="vertical" x="226.0" y="319.0"/>
      <linesegment length="103" name="shape6.dragpoint4.lineseg3" orient="horizontal" x="226.0" y="319.0"/>
      <linesegment length="0" name="shape6.dragpoint4.lineseg4" orient="vertical" x="329.0" y="319.0"/>
      <linesegment label="4" length="87" name="shape6.dragpoint4.lineseg5" orient="horizontal" x="329.0" y="319.0"/>
    </dragpoint>
    <dragpoint identifier="5" name="shape6.dragpoint5" text="5" toShape="shape10" x="416.0" y="393.0">
      <linesegment length="0" name="shape6.dragpoint5.lineseg1" orient="horizontal" x="226.0" y="319.0"/>
      <linesegment length="0" name="shape6.dragpoint5.lineseg2" orient="vertical" x="226.0" y="319.0"/>
      <linesegment length="103" name="shape6.dragpoint5.lineseg3" orient="horizontal" x="226.0" y="319.0"/>
      <linesegment length="80" name="shape6.dragpoint5.lineseg4" orient="vertical" x="329.0" y="319.0"/>
      <linesegment label="5" length="87" name="shape6.dragpoint5.lineseg5" orient="horizontal" x="329.0" y="399.0"/>
    </dragpoint>
    <dragpoint identifier="6" name="shape6.dragpoint6" text="6" toShape="shape8" x="416.0" y="473.0">
      <linesegment length="0" name="shape6.dragpoint6.lineseg1" orient="horizontal" x="226.0" y="319.0"/>
      <linesegment length="0" name="shape6.dragpoint6.lineseg2" orient="vertical" x="226.0" y="319.0"/>
      <linesegment length="103" name="shape6.dragpoint6.lineseg3" orient="horizontal" x="226.0" y="319.0"/>
      <linesegment length="160" name="shape6.dragpoint6.lineseg4" orient="vertical" x="329.0" y="319.0"/>
      <linesegment label="6" length="87" name="shape6.dragpoint6.lineseg5" orient="horizontal" x="329.0" y="479.0"/>
    </dragpoint>
    <dragpoint identifier="7" name="shape6.dragpoint7" text="7" toShape="shape9" x="416.0" y="553.0">
      <linesegment length="0" name="shape6.dragpoint7.lineseg1" orient="horizontal" x="226.0" y="319.0"/>
      <linesegment length="0" name="shape6.dragpoint7.lineseg2" orient="vertical" x="226.0" y="319.0"/>
      <linesegment length="103" name="shape6.dragpoint7.lineseg3" orient="horizontal" x="226.0" y="319.0"/>
      <linesegment length="240" name="shape6.dragpoint7.lineseg4" orient="vertical" x="329.0" y="319.0"/>
      <linesegment label="7" length="87" name="shape6.dragpoint7.lineseg5" orient="horizontal" x="329.0" y="559.0"/>
    </dragpoint>
  </dragpoints>
</shape>