<?xml version="1.0" ?>
<shape image="documentproperties_icon" name="shape11" shapetype="documentproperties" userlabel="Initialize General Error Propeties" x="432.0" y="80.0">
  <configuration>
    <documentproperties>
      <documentproperty defaultValue="" isTradingPartner="false" name="Dynamic Process Property - RPT_INT_ALL_ERR_CNT" persist="false" propertyId="process.RPT_INT_ALL_ERR_CNT">
        <sourcevalues>
          <parametervalue key="7" valueType="static">
            <staticparameter staticproperty="0"/>
          </parametervalue>
        </sourcevalues>
      </documentproperty>
      <documentproperty defaultValue="" isTradingPartner="false" name="Dynamic Process Property - RPT_INT_INTERFACE_START_TIME" persist="false" propertyId="process.RPT_INT_INTERFACE_START_TIME">
        <sourcevalues>
          <parametervalue key="8" valueType="date">
            <dateparameter dateparametertype="current" datetimemask="yyyyMMdd HHmmss.SSS"/>
          </parametervalue>
        </sourcevalues>
      </documentproperty>
      <documentproperty defaultValue="" isTradingPartner="false" name="Dynamic Process Property - RPT_INT_ALL_WRN_CNT" persist="false" propertyId="process.RPT_INT_ALL_WRN_CNT">
        <sourcevalues>
          <parametervalue key="9" valueType="static">
            <staticparameter staticproperty="0"/>
          </parametervalue>
        </sourcevalues>
      </documentproperty>
      <documentproperty defaultValue="" isTradingPartner="false" name="Dynamic Process Property - RPT_INT_ALL_SKP_CNT" persist="false" propertyId="process.RPT_INT_ALL_SKP_CNT">
        <sourcevalues>
          <parametervalue key="10" valueType="static">
            <staticparameter staticproperty="0"/>
          </parametervalue>
        </sourcevalues>
      </documentproperty>
    </documentproperties>
  </configuration>
  <dragpoints>
    <dragpoint name="shape11.dragpoint1" toShape="shape7" x="784.0" y="313.0">
      <linesegment length="0" name="shape11.dragpoint1.lineseg1" orient="horizontal" x="466.0" y="95.0"/>
      <linesegment length="0" name="shape11.dragpoint1.lineseg2" orient="vertical" x="466.0" y="95.0"/>
      <linesegment length="167" name="shape11.dragpoint1.lineseg3" orient="horizontal" x="466.0" y="95.0"/>
      <linesegment length="224" name="shape11.dragpoint1.lineseg4" orient="vertical" x="633.0" y="95.0"/>
      <linesegment length="151" name="shape11.dragpoint1.lineseg5" orient="horizontal" x="633.0" y="319.0"/>
    </dragpoint>
  </dragpoints>
</shape>