<?xml version="1.0" ?>
<shape image="documentproperties_icon" name="shape3" shapetype="documentproperties" userlabel="Initialize Business Rule Related Error Properties" x="432.0" y="144.0">
  <configuration>
    <documentproperties>
      <documentproperty defaultValue="" isTradingPartner="false" name="Dynamic Process Property - RPT_INT_ALL_BRULE_ERR_CNT" persist="false" propertyId="process.RPT_INT_ALL_BRULE_ERR_CNT">
        <sourcevalues>
          <parametervalue key="6" valueType="static">
            <staticparameter staticproperty="0"/>
          </parametervalue>
        </sourcevalues>
      </documentproperty>
      <documentproperty defaultValue="" isTradingPartner="false" name="Dynamic Process Property - RPT_INT_ALL_BRULE_WRN_CNT" persist="false" propertyId="process.RPT_INT_ALL_BRULE_WRN_CNT">
        <sourcevalues>
          <parametervalue key="7" valueType="static">
            <staticparameter staticproperty="0"/>
          </parametervalue>
        </sourcevalues>
      </documentproperty>
      <documentproperty defaultValue="" isTradingPartner="false" name="Dynamic Process Property - RPT_INT_ALL_BRULE_SKP_CNT" persist="false" propertyId="process.RPT_INT_ALL_BRULE_SKP_CNT">
        <sourcevalues>
          <parametervalue key="8" valueType="static">
            <staticparameter staticproperty="0"/>
          </parametervalue>
        </sourcevalues>
      </documentproperty>
    </documentproperties>
  </configuration>
  <dragpoints>
    <dragpoint name="shape3.dragpoint1" toShape="shape7" x="784.0" y="313.0">
      <linesegment length="0" name="shape3.dragpoint1.lineseg1" orient="horizontal" x="466.0" y="159.0"/>
      <linesegment length="0" name="shape3.dragpoint1.lineseg2" orient="vertical" x="466.0" y="159.0"/>
      <linesegment length="167" name="shape3.dragpoint1.lineseg3" orient="horizontal" x="466.0" y="159.0"/>
      <linesegment length="160" name="shape3.dragpoint1.lineseg4" orient="vertical" x="633.0" y="159.0"/>
      <linesegment length="151" name="shape3.dragpoint1.lineseg5" orient="horizontal" x="633.0" y="319.0"/>
    </dragpoint>
  </dragpoints>
</shape>