<?xml version="1.0" ?>
<shape image="documentproperties_icon" name="shape9" shapetype="documentproperties" userlabel="Initialize TryCatch Related Error Properties" x="432.0" y="544.0">
  <configuration>
    <documentproperties>
      <documentproperty defaultValue="" isTradingPartner="false" name="Dynamic Process Property - RPT_INT_ALL_TRYCATCH_ERR_CNT" persist="false" propertyId="process.RPT_INT_ALL_TRYCATCH_ERR_CNT">
        <sourcevalues>
          <parametervalue key="1" valueType="static">
            <staticparameter staticproperty="0"/>
          </parametervalue>
        </sourcevalues>
      </documentproperty>
      <documentproperty defaultValue="" isTradingPartner="false" name="Dynamic Process Property - RPT_INT_ALL_TRYCATCH_WRN_CNT" persist="false" propertyId="process.RPT_INT_ALL_TRYCATCH_WRN_CNT">
        <sourcevalues>
          <parametervalue key="2" valueType="static">
            <staticparameter staticproperty="0"/>
          </parametervalue>
        </sourcevalues>
      </documentproperty>
      <documentproperty defaultValue="" isTradingPartner="false" name="Dynamic Process Property - RPT_INT_ALL_TRYCATCH_SKP_CNT" persist="false" propertyId="process.RPT_INT_ALL_TRYCATCH_SKP_CNT">
        <sourcevalues>
          <parametervalue key="3" valueType="static">
            <staticparameter staticproperty="0"/>
          </parametervalue>
        </sourcevalues>
      </documentproperty>
    </documentproperties>
  </configuration>
  <dragpoints>
    <dragpoint name="shape9.dragpoint1" toShape="shape7" x="784.0" y="313.0">
      <linesegment length="0" name="shape9.dragpoint1.lineseg1" orient="horizontal" x="466.0" y="559.0"/>
      <linesegment length="0" name="shape9.dragpoint1.lineseg2" orient="vertical" x="466.0" y="559.0"/>
      <linesegment length="167" name="shape9.dragpoint1.lineseg3" orient="horizontal" x="466.0" y="559.0"/>
      <linesegment length="240" name="shape9.dragpoint1.lineseg4" orient="vertical" x="633.0" y="319.0"/>
      <linesegment length="151" name="shape9.dragpoint1.lineseg5" orient="horizontal" x="633.0" y="319.0"/>
    </dragpoint>
  </dragpoints>
</shape>